original_order_id,backorder_order_id,backorder_lines,backorder_quantity,estimated_backorder_value
491,512,1,9,17091.00
440,458,1,8,15192.00
11,53,4,246,11988.00
3,47,3,139,11020.00
260,276,1,100,10800.00
19,59,3,456,8949.60
284,320,1,80,8640.00
41,76,2,100,6420.00
1,45,1,50,5600.00
36169,36214,2,220,5360.00
168,218,1,50,5250.00
53099,53131,2,208,5144.00
16260,16272,2,210,5040.00
43,78,3,142,5036.00
42,77,2,126,4968.00
30,67,1,50,4950.00
63558,63588,2,198,4824.00
28204,28244,2,198,4824.00
60871,60915,2,200,4720.00
50949,50978,2,184,4712.00
65321,65361,2,186,4608.00
63146,63196,3,416,4588.00
14991,15015,2,240,4320.00
58992,59049,2,240,4320.00
40566,40638,2,240,4320.00
35357,35381,2,240,4320.00
2,46,2,162,4176.00
69186,69198,2,162,4176.00
41120,41174,2,228,4104.00
32281,32368,2,228,4104.00
40250,40307,2,228,4104.00
29771,29796,2,228,4104.00
70985,71022,2,216,3888.00
40932,40972,2,216,3888.00
41211,41245,2,154,3752.00
7547,7587,2,204,3672.00
29681,29725,2,204,3672.00
99,138,2,204,3672.00
114,146,2,258,3658.80
94,135,2,160,3480.00
52665,52708,2,192,3456.00
71379,71402,2,192,3456.00
47948,48000,2,320,3448.00
70899,70947,2,144,3432.00
13,55,3,264,3417.60
71794,71890,2,180,3240.00
14,56,2,180,3240.00
61363,61387,2,180,3240.00
95,136,2,132,3216.00
60942,60965,1,100,3200.00
23819,23866,1,100,3200.00
17241,17268,1,100,3200.00
69808,69818,1,100,3200.00
39514,39564,1,100,3200.00
66989,67026,1,100,3200.00
55911,55956,1,100,3200.00
38609,38645,1,100,3200.00
42608,42649,1,100,3200.00
52136,52144,1,100,3200.00
11202,11260,1,100,3200.00
36506,36555,1,100,3200.00
2169,2204,1,100,3200.00
36633,36650,1,100,3200.00
334,421,1,100,3200.00
12623,20112,1,100,3200.00
41947,41959,1,100,3200.00
35396,35488,1,100,3200.00
19176,19183,1,100,3200.00
42095,42269,1,100,3200.00
66459,66497,1,100,3200.00
9348,9378,1,100,3200.00
38297,38358,1,100,3200.00
12454,12532,1,100,3200.00
18777,18835,1,100,3200.00
37421,37478,1,100,3200.00
16540,16597,1,100,3200.00
24120,24149,1,100,3200.00
20407,20432,1,100,3200.00
30705,30777,1,100,3200.00
45946,45978,1,100,3200.00
41005,41172,1,100,3200.00
36740,36797,1,100,3200.00
53656,53691,1,100,3200.00
64567,64596,1,100,3200.00
1432,1444,1,100,3200.00
10099,10144,1,100,3200.00
68284,68334,1,100,3200.00
68153,68205,1,100,3200.00
60891,60920,1,100,3200.00
25173,25231,1,100,3200.00
46579,46629,1,100,3200.00
53867,53926,1,100,3200.00
63388,63463,1,100,3200.00
68803,68910,1,100,3200.00
45936,45975,1,100,3200.00
44991,45029,1,100,3200.00
51593,51608,1,100,3200.00
28710,28739,1,100,3200.00
11146,11187,1,100,3200.00
45540,45557,1,100,3200.00
22345,22390,1,100,3200.00
58780,58792,1,100,3200.00
42174,42203,1,100,3200.00
23806,23863,1,100,3200.00
28286,28347,1,100,3200.00
58074,58121,1,100,3200.00
58031,58112,1,100,3200.00
21494,21550,1,100,3200.00
24165,24242,1,100,3200.00
57101,57177,1,100,3200.00
21089,21117,1,100,3200.00
6796,6832,1,100,3200.00
2601,2639,1,100,3200.00
67876,67915,1,100,3200.00
27949,27962,1,100,3200.00
36277,36347,1,100,3200.00
67844,67908,1,100,3200.00
49901,49930,1,100,3200.00
4502,4584,1,100,3200.00
14894,14914,1,100,3200.00
69119,69160,1,100,3200.00
44804,44868,1,100,3200.00
40470,40555,1,100,3200.00
62251,62275,1,100,3200.00
36601,36610,1,100,3200.00
20996,21074,1,100,3200.00
47394,47426,1,100,3200.00
70479,70552,1,100,3200.00
15473,15494,1,100,3200.00
54214,54318,1,100,3200.00
22269,22303,1,100,3200.00
13493,13516,1,100,3200.00
31813,31848,1,100,3200.00
62825,62840,1,100,3200.00
17804,17855,1,100,3200.00
50660,50681,1,100,3200.00
71286,71391,1,100,3200.00
53286,53325,1,100,3200.00
47946,47999,1,100,3200.00
70828,70862,1,100,3200.00
26295,26322,1,100,3200.00
39317,39370,1,100,3200.00
45585,45662,1,100,3200.00
34999,35018,1,100,3200.00
59342,59385,1,100,3200.00
69206,69293,1,100,3200.00
28715,28741,1,100,3200.00
70359,70452,1,100,3200.00
14759,14798,1,100,3200.00
63603,63621,1,100,3200.00
27701,27767,1,100,3200.00
56844,56873,1,100,3200.00
59282,59374,1,100,3200.00
68312,68336,1,100,3200.00
51863,51944,1,100,3200.00
51633,51664,1,100,3200.00
183,225,2,97,3104.00
59819,59854,2,360,3048.00
54868,54905,2,168,3024.00
238,271,1,80,3000.00
65842,65856,2,336,2959.20
26595,26651,2,336,2959.20
39570,39721,2,345,2947.50
63683,63702,1,90,2880.00
6714,6768,1,90,2880.00
65395,65452,1,90,2880.00
43857,43894,1,90,2880.00
7976,7989,1,90,2880.00
15026,15067,1,90,2880.00
39122,39153,1,90,2880.00
4971,5009,1,90,2880.00
5550,6939,1,90,2880.00
62864,62906,1,90,2880.00
25834,25874,1,90,2880.00
66372,66396,1,90,2880.00
22489,22549,1,90,2880.00
54717,54739,1,90,2880.00
67530,67609,1,90,2880.00
3547,3584,1,90,2880.00
30991,31032,1,90,2880.00
57663,57774,1,90,2880.00
4070,4095,1,90,2880.00
66727,66738,1,90,2880.00
7085,7140,1,90,2880.00
57403,57410,1,90,2880.00
35676,35713,1,90,2880.00
63677,63701,1,90,2880.00
37334,37412,1,90,2880.00
9483,9518,1,90,2880.00
7824,7914,1,90,2880.00
26218,26260,1,90,2880.00
7174,7205,1,90,2880.00
50602,50632,1,90,2880.00
47322,47329,1,90,2880.00
52639,52815,1,90,2880.00
33732,33767,1,90,2880.00
17203,17261,1,90,2880.00
39681,39730,1,90,2880.00
69844,69872,1,90,2880.00
15097,15133,1,90,2880.00
11098,11117,1,90,2880.00
44035,44134,1,90,2880.00
25058,25104,1,90,2880.00
56601,56628,1,90,2880.00
10507,10588,1,90,2880.00
16809,16829,1,90,2880.00
53396,53427,1,90,2880.00
73544,73592,1,90,2880.00
69388,69471,1,90,2880.00
41279,41316,1,90,2880.00
29697,29726,1,90,2880.00
67641,67716,1,90,2880.00
13103,13130,1,90,2880.00
69447,69480,1,90,2880.00
12493,12537,1,90,2880.00
67944,67975,1,90,2880.00
28190,28243,1,90,2880.00
22131,22174,1,90,2880.00
18207,18254,1,90,2880.00
13919,13970,1,90,2880.00
58767,58791,1,90,2880.00
10344,10413,1,90,2880.00
28433,28467,1,90,2880.00
48018,48095,1,90,2880.00
71854,71897,1,90,2880.00
16444,16466,1,90,2880.00
67114,67157,1,90,2880.00
63241,63275,1,90,2880.00
28962,28968,1,90,2880.00
72781,72834,1,90,2880.00
23565,23569,1,90,2880.00
23773,23802,1,90,2880.00
70147,70201,1,90,2880.00
68993,69037,1,90,2880.00
69054,69094,1,90,2880.00
26150,26184,1,90,2880.00
23154,23171,1,90,2880.00
70242,70251,1,90,2880.00
20595,20669,1,90,2880.00
29477,29562,1,90,2880.00
2576,2596,1,90,2880.00
50457,50514,1,90,2880.00
6686,6765,1,90,2880.00
20856,20913,1,90,2880.00
12860,12867,1,90,2880.00
20874,20915,1,90,2880.00
37571,37603,1,90,2880.00
59069,59115,1,90,2880.00
50337,50412,1,90,2880.00
53542,53583,1,90,2880.00
19796,19833,1,90,2880.00
33258,33313,1,90,2880.00
40960,40975,1,90,2880.00
14637,14658,1,90,2880.00
32597,32616,1,90,2880.00
4035,4092,1,90,2880.00
19848,19877,1,90,2880.00
30993,31033,1,90,2880.00
17667,17674,1,90,2880.00
72822,72837,1,90,2880.00
55862,55951,2,312,2870.40
53679,53696,2,312,2870.40
72599,72630,2,312,2870.40
53953,53966,2,320,2860.00
38148,38222,2,288,2781.60
71592,71662,2,295,2772.50
69209,69294,2,144,2592.00
64115,64162,2,276,2565.60
35395,35487,2,276,2565.60
496,511,1,9,2565.00
39737,39823,1,80,2560.00
44263,44336,1,80,2560.00
69826,69870,1,80,2560.00
10387,10417,1,80,2560.00
73517,73587,1,80,2560.00
27291,31893,1,80,2560.00
68126,68148,1,80,2560.00
28342,28355,1,80,2560.00
39432,39468,1,80,2560.00
57436,57457,1,80,2560.00
4443,4470,1,80,2560.00
46808,46825,1,80,2560.00
48404,48427,1,80,2560.00
7704,7775,1,80,2560.00
43050,43089,1,80,2560.00
54697,54737,1,80,2560.00
70855,70867,1,80,2560.00
12024,12041,1,80,2560.00
59868,59897,1,80,2560.00
8337,8351,1,80,2560.00
47698,47719,1,80,2560.00
35306,35331,1,80,2560.00
10214,10238,1,80,2560.00
59615,59671,1,80,2560.00
9767,9834,1,80,2560.00
59539,59588,1,80,2560.00
38585,38604,1,80,2560.00
64978,65031,1,80,2560.00
16024,16038,1,80,2560.00
20501,32483,1,80,2560.00
38898,38942,1,80,2560.00
5095,5143,1,80,2560.00
31675,31748,1,80,2560.00
41332,41423,1,80,2560.00
49113,49142,1,80,2560.00
23449,23480,1,80,2560.00
17274,17347,1,80,2560.00
7285,7331,1,80,2560.00
52982,53019,1,80,2560.00
28071,28107,1,80,2560.00
51313,51365,1,80,2560.00
53331,53379,1,80,2560.00
30935,30982,1,80,2560.00
69526,69582,1,80,2560.00
35394,35486,1,80,2560.00
58905,58953,1,80,2560.00
51443,51514,1,80,2560.00
19895,19919,1,80,2560.00
43601,43623,1,80,2560.00
12487,12536,1,80,2560.00
26912,26953,1,80,2560.00
58033,58113,1,80,2560.00
16570,16600,1,80,2560.00
17360,17445,1,80,2560.00
373,425,1,80,2560.00
47502,47537,1,80,2560.00
51882,51948,1,80,2560.00
10314,10328,1,80,2560.00
68700,68791,1,80,2560.00
52601,52646,1,80,2560.00
54619,54652,1,80,2560.00
14385,14413,1,80,2560.00
49109,49141,1,80,2560.00
2761,2768,1,80,2560.00
59758,59769,1,80,2560.00
58539,58562,1,80,2560.00
37537,37554,1,80,2560.00
14012,14059,1,80,2560.00
39171,39220,1,80,2560.00
60165,60178,1,80,2560.00
23778,23803,1,80,2560.00
566,590,1,80,2560.00
62380,62386,1,80,2560.00
29019,29030,1,80,2560.00
3072,3158,1,80,2560.00
64216,64255,1,80,2560.00
40406,40464,1,80,2560.00
54792,54806,1,80,2560.00
67345,67361,1,80,2560.00
50842,50870,1,80,2560.00
55775,58106,1,80,2560.00
35318,35334,1,80,2560.00
2466,2517,1,80,2560.00
59912,59973,1,80,2560.00
50509,50754,1,80,2560.00
56749,56801,1,80,2560.00
50453,50512,1,80,2560.00
5725,5763,1,80,2560.00
64903,64932,1,80,2560.00
41993,42087,1,80,2560.00
9821,9840,1,80,2560.00
41357,41425,1,80,2560.00
16991,17051,1,80,2560.00
61821,62156,1,80,2560.00
60571,60592,1,80,2560.00
48489,48532,1,80,2560.00
33152,33172,1,80,2560.00
34591,34656,1,80,2560.00
35500,35547,1,80,2560.00
259,275,2,66,2520.00
50592,50628,2,290,2488.00
64295,64379,2,288,2462.40
53904,53929,2,288,2438.40
171,220,1,10,2400.00
58248,58255,2,271,2340.50
54545,54597,2,300,2311.20
37903,37958,2,309,2299.50
60752,60805,2,309,2299.50
80,131,2,70,2270.00
67575,67616,1,70,2240.00
4364,4394,1,70,2240.00
73430,73498,1,70,2240.00
18917,18979,1,70,2240.00
39382,39426,1,70,2240.00
34310,34336,1,70,2240.00
34308,34335,1,70,2240.00
61052,61065,1,70,2240.00
4761,4792,1,70,2240.00
56413,56464,1,70,2240.00
57105,57178,1,70,2240.00
73483,73504,1,70,2240.00
58017,58107,1,70,2240.00
39009,39026,1,70,2240.00
5362,5396,1,70,2240.00
20482,20507,1,70,2240.00
72720,72826,1,70,2240.00
33211,33244,1,70,2240.00
59136,59215,1,70,2240.00
59784,59852,1,70,2240.00
23693,58887,1,70,2240.00
70964,71020,1,70,2240.00
4809,4884,1,70,2240.00
14414,24431,1,70,2240.00
62396,62462,1,70,2240.00
34256,34280,1,70,2240.00
20227,20259,1,70,2240.00
29536,29567,1,70,2240.00
53674,53694,1,70,2240.00
61426,61494,1,70,2240.00
56584,56626,1,70,2240.00
30154,30207,1,70,2240.00
25693,25756,1,70,2240.00
17947,17967,1,70,2240.00
58718,58787,1,70,2240.00
61162,61206,1,70,2240.00
7556,7590,1,70,2240.00
5407,5488,1,70,2240.00
63997,64012,1,70,2240.00
24705,24732,1,70,2240.00
67532,67610,1,70,2240.00
49925,49931,1,70,2240.00
38556,38563,1,70,2240.00
15955,15993,1,70,2240.00
12975,12995,1,70,2240.00
55186,55249,1,70,2240.00
71605,71664,1,70,2240.00
24069,24100,1,70,2240.00
65377,65447,1,70,2240.00
37905,37959,1,70,2240.00
51684,51738,1,70,2240.00
69431,69477,1,70,2240.00
56822,56870,1,70,2240.00
66471,66500,1,70,2240.00
38915,38943,1,70,2240.00
26944,26956,1,70,2240.00
27130,27150,1,70,2240.00
69450,69481,1,70,2240.00
37360,37415,1,70,2240.00
59658,59676,1,70,2240.00
10381,10416,1,70,2240.00
48937,48968,1,70,2240.00
38464,38507,1,70,2240.00
53470,53515,1,70,2240.00
44317,44343,1,70,2240.00
70389,70455,1,70,2240.00
50306,50329,1,70,2240.00
25746,25767,1,70,2240.00
71516,71543,1,70,2240.00
3297,3325,1,70,2240.00
38894,38940,1,70,2240.00
72990,73021,1,70,2240.00
39821,39838,1,70,2240.00
20563,20577,1,70,2240.00
22657,22710,1,70,2240.00
48566,48588,1,70,2240.00
43169,43201,1,70,2240.00
36959,36995,1,70,2240.00
17160,17190,1,70,2240.00
37641,37675,1,70,2240.00
20549,20573,1,70,2240.00
66630,66641,1,70,2240.00
43833,43891,1,70,2240.00
49364,49442,2,276,2222.40
73520,73588,2,180,2210.40
62941,62986,2,322,2171.00
73573,73595,1,120,2160.00
64500,66495,1,120,2160.00
68680,68789,1,120,2160.00
26499,26559,1,120,2160.00
47742,47794,1,120,2160.00
43092,43193,1,120,2160.00
32302,32370,1,120,2160.00
39796,39833,1,120,2160.00
3392,3438,1,120,2160.00
35885,35903,1,120,2160.00
56018,56072,1,120,2160.00
15302,15313,1,120,2160.00
16324,16369,1,120,2160.00
51159,51212,1,120,2160.00
15732,15772,1,120,2160.00
69237,69296,1,120,2160.00
69153,69167,1,120,2160.00
63344,63378,1,120,2160.00
69807,69817,1,120,2160.00
62046,62108,1,120,2160.00
20651,20674,1,120,2160.00
37676,58952,1,120,2160.00
61920,61934,1,120,2160.00
13762,13771,1,120,2160.00
13747,13770,1,120,2160.00
10436,10458,1,120,2160.00
72641,72709,1,120,2160.00
61784,61820,1,120,2160.00
68379,68415,1,120,2160.00
24007,24049,1,120,2160.00
43958,43977,1,120,2160.00
5546,5556,1,120,2160.00
69469,69485,1,120,2160.00
5353,5395,1,120,2160.00
35051,35234,1,120,2160.00
58134,58207,1,120,2160.00
60872,60916,1,120,2160.00
22099,22172,1,120,2160.00
6816,6834,1,120,2160.00
39046,39307,1,120,2160.00
60354,60373,1,120,2160.00
69139,69165,1,120,2160.00
69667,69671,1,120,2160.00
27311,27349,1,120,2160.00
52673,52709,1,120,2160.00
26862,26946,1,120,2160.00
37258,37315,1,120,2160.00
18559,18573,1,120,2160.00
2948,3019,1,120,2160.00
28823,28835,1,120,2160.00
70142,70200,1,120,2160.00
29546,29568,1,120,2160.00
13165,13196,1,120,2160.00
29744,29791,1,120,2160.00
11684,11710,1,120,2160.00
36329,36355,1,120,2160.00
72547,72585,1,120,2160.00
13153,13193,1,120,2160.00
20371,20386,1,120,2160.00
33138,33167,1,120,2160.00
25098,25111,1,120,2160.00
32610,32619,1,120,2160.00
50441,50508,1,120,2160.00
34328,34340,1,120,2160.00
67783,67827,1,120,2160.00
64545,64594,1,120,2160.00
27940,27960,1,120,2160.00
14333,14404,1,120,2160.00
61483,61498,1,120,2160.00
16491,16509,1,120,2160.00
56953,56997,1,120,2160.00
33688,33760,1,120,2160.00
56875,56983,1,120,2160.00
35451,35494,1,120,2160.00
37348,37414,1,120,2160.00
43775,43969,1,120,2160.00
52396,52413,1,120,2160.00
27866,27886,1,120,2160.00
27409,27469,1,120,2160.00
38072,38119,1,120,2160.00
62646,62679,1,120,2160.00
44273,44337,1,120,2160.00
62452,62470,1,120,2160.00
1770,1785,1,120,2160.00
2020,2059,1,120,2160.00
2799,2812,1,120,2160.00
39064,39144,1,120,2160.00
8107,9030,1,120,2160.00
8051,8104,1,120,2160.00
3536,3583,1,120,2160.00
3733,3756,1,120,2160.00
44840,44875,1,120,2160.00
59347,59387,1,120,2160.00
36415,36436,1,120,2160.00
45097,45171,1,120,2160.00
36599,36609,1,120,2160.00
60718,60802,1,120,2160.00
11444,11486,1,120,2160.00
50071,50100,1,120,2160.00
55799,55841,1,120,2160.00
54298,54328,1,120,2160.00
24587,24644,1,120,2160.00
16068,16116,1,120,2160.00
12797,12808,1,120,2160.00
50866,59109,1,120,2160.00
807,865,1,120,2160.00
55067,55100,1,120,2160.00
54640,54655,1,120,2160.00
24720,24736,1,120,2160.00
1625,1671,1,120,2160.00
47367,47420,1,120,2160.00
71309,71394,1,120,2160.00
70927,70952,1,120,2160.00
2156,2163,1,120,2160.00
56678,56722,1,120,2160.00
69845,69873,1,120,2160.00
67168,67272,1,120,2160.00
4148,4163,1,120,2160.00
68735,68795,1,120,2160.00
8776,8800,1,120,2160.00
11977,11984,1,120,2160.00
12383,12412,1,120,2160.00
5818,5846,1,120,2160.00
14769,14799,1,120,2160.00
16503,16510,1,120,2160.00
31034,45170,1,120,2160.00
53303,53328,1,120,2160.00
41391,41429,1,120,2160.00
6672,6940,1,120,2160.00
59686,59739,1,120,2160.00
59616,59672,1,120,2160.00
29549,29569,1,120,2160.00
51913,51952,1,120,2160.00
65157,65167,1,120,2160.00
55822,55844,1,120,2160.00
34248,34278,1,120,2160.00
34268,34282,1,120,2160.00
54195,54210,1,120,2160.00
54190,54208,1,120,2160.00
11172,11192,1,120,2160.00
69617,69634,1,120,2160.00
48048,48097,1,120,2160.00
6990,7027,1,120,2160.00
11659,11801,1,120,2160.00
61812,61826,1,120,2160.00
42503,42528,1,120,2160.00
60191,60242,1,120,2160.00
15646,15705,1,120,2160.00
7820,7906,1,120,2160.00
25662,25682,1,120,2160.00
9900,10323,1,120,2160.00
39820,39837,1,120,2160.00
25744,25766,1,120,2160.00
46157,46220,1,120,2160.00
18588,18629,1,120,2160.00
7757,7779,1,120,2160.00
61687,61752,1,120,2160.00
27593,27632,1,120,2160.00
48540,48586,1,120,2160.00
56920,56991,1,120,2160.00
56828,56871,1,120,2160.00
28113,28161,1,120,2160.00
58392,58399,1,120,2160.00
34610,34660,1,120,2160.00
5592,5641,1,120,2160.00
35627,35707,1,120,2160.00
36616,36649,1,120,2160.00
47622,47707,1,120,2160.00
70987,71023,1,120,2160.00
65701,65726,1,120,2160.00
12794,12807,1,120,2160.00
54258,54323,1,120,2160.00
71482,71511,1,120,2160.00
56274,56296,1,120,2160.00
684,694,1,120,2160.00
28052,28104,1,120,2160.00
35448,35493,1,120,2160.00
69013,69039,1,120,2160.00
50198,50255,1,120,2160.00
69132,69162,1,120,2160.00
26326,26650,1,120,2160.00
48635,48655,1,120,2160.00
1471,1524,3,120,2160.00
36373,36429,1,120,2160.00
45947,45979,1,120,2160.00
3855,3922,1,120,2160.00
43102,43194,1,120,2160.00
43666,43769,1,120,2160.00
4127,4161,1,120,2160.00
10542,10591,1,120,2160.00
12577,12621,1,120,2160.00
17471,17487,1,120,2160.00
18546,18555,1,120,2160.00
68644,68649,1,120,2160.00
8261,11914,1,120,2160.00
21525,21555,1,120,2160.00
34039,34094,1,120,2160.00
23098,23108,1,120,2160.00
50556,50623,1,120,2160.00
67782,67826,1,120,2160.00
28748,28824,1,120,2160.00
7548,7588,1,120,2160.00
69180,69196,1,120,2160.00
7560,7592,1,120,2160.00
58922,58954,1,120,2160.00
8586,8614,1,120,2160.00
51052,51105,1,120,2160.00
59383,59580,1,120,2160.00
7645,7686,1,120,2160.00
37440,37482,1,120,2160.00
34327,34339,1,120,2160.00
60950,60967,1,120,2160.00
73028,73100,1,120,2160.00
7302,7334,1,120,2160.00
33553,33584,1,120,2160.00
63877,63957,1,120,2160.00
59695,59740,1,120,2160.00
70757,70817,1,120,2160.00
46519,46560,1,120,2160.00
13295,13355,1,120,2160.00
59421,59467,1,120,2160.00
13319,13359,1,120,2160.00
26718,26753,1,120,2160.00
49552,49567,1,120,2160.00
17940,17966,1,120,2160.00
24480,24494,1,120,2160.00
10146,10234,1,120,2160.00
11765,11806,1,120,2160.00
57652,57667,1,120,2160.00
58095,58127,1,120,2160.00
37118,37142,1,120,2160.00
65034,65069,1,120,2160.00
12497,12539,1,120,2160.00
38415,38498,1,120,2160.00
13980,14057,1,120,2160.00
41876,41905,1,120,2160.00
67106,67156,1,120,2160.00
14104,14157,1,120,2160.00
39037,39047,1,120,2160.00
52839,52883,1,120,2160.00
62438,62468,1,120,2160.00
65487,65493,1,120,2160.00
38632,38651,1,120,2160.00
26305,26325,1,120,2160.00
52452,52526,1,120,2160.00
107,142,1,120,2160.00
49379,49445,1,120,2160.00
2506,2520,1,120,2160.00
62532,62583,1,120,2160.00
43734,43777,1,120,2160.00
43586,43622,1,120,2160.00
4757,4791,1,120,2160.00
56470,56517,1,120,2160.00
40654,40731,1,120,2160.00
61211,61295,1,120,2160.00
72705,72716,1,120,2160.00
61289,61300,1,120,2160.00
62139,62159,1,120,2160.00
61356,61386,1,120,2160.00
2472,2519,1,120,2160.00
70170,70205,1,120,2160.00
66731,66739,1,120,2160.00
33988,34002,1,120,2160.00
46942,46961,1,120,2160.00
29809,29842,1,120,2160.00
34909,35008,1,120,2160.00
68368,68412,1,120,2160.00
35865,35899,1,120,2160.00
69154,69168,1,120,2160.00
59838,59855,1,120,2160.00
65843,65857,1,120,2160.00
31853,31894,1,120,2160.00
6933,6943,1,120,2160.00
65627,65674,1,120,2160.00
64568,64597,1,120,2160.00
72213,72269,1,120,2160.00
53665,53692,1,120,2160.00
11160,11191,1,120,2160.00
54111,54115,1,120,2160.00
12226,12299,1,120,2160.00
51816,51834,1,120,2160.00
72768,72833,1,120,2160.00
12242,12300,1,120,2160.00
10470,10498,1,120,2160.00
12504,12540,1,120,2160.00
26644,26655,1,120,2160.00
63898,63962,1,120,2160.00
63327,63375,1,120,2160.00
58870,58895,1,120,2160.00
19936,20013,1,120,2160.00
23082,23107,1,120,2160.00
50006,50091,1,120,2160.00
40478,40556,1,120,2160.00
45144,45174,1,120,2160.00
24030,24052,1,120,2160.00
24271,24276,1,120,2160.00
22200,22218,1,120,2160.00
4682,4705,1,120,2160.00
48191,48299,1,120,2160.00
12289,12308,1,120,2160.00
16642,16702,1,120,2160.00
4799,4881,1,120,2160.00
15958,15994,1,120,2160.00
5659,5685,1,120,2160.00
58923,58955,1,120,2160.00
32430,32487,1,120,2160.00
13409,13436,1,120,2160.00
15552,15556,1,120,2160.00
37910,37962,1,120,2160.00
18690,18715,1,120,2160.00
25695,25758,1,120,2160.00
26120,26180,1,120,2160.00
16826,16972,1,120,2160.00
14746,14796,1,120,2160.00
37447,37483,1,120,2160.00
62717,62756,1,120,2160.00
46362,46387,1,120,2160.00
40414,40466,1,120,2160.00
34879,34908,1,120,2160.00
43943,43974,1,120,2160.00
43873,43896,1,120,2160.00
16209,16266,1,120,2160.00
73480,73502,1,120,2160.00
115,147,1,120,2160.00
51374,51430,1,120,2160.00
7344,7396,1,120,2160.00
29974,30004,1,120,2160.00
658,665,1,120,2160.00
235,270,1,120,2160.00
789,863,1,120,2160.00
7648,7687,1,120,2160.00
71638,71669,1,120,2160.00
8901,8942,1,120,2160.00
9203,9218,1,120,2160.00
65791,65795,1,120,2160.00
12512,12543,1,120,2160.00
18213,18255,1,120,2160.00
18643,18711,1,120,2160.00
60168,60180,1,120,2160.00
20038,20052,1,120,2160.00
59208,59223,1,120,2160.00
22589,22638,1,120,2160.00
54647,54656,1,120,2160.00
27239,27290,1,120,2160.00
27000,27054,1,120,2160.00
16721,16735,1,120,2160.00
50956,50979,1,120,2160.00
4493,4582,1,120,2160.00
18697,18716,1,120,2160.00
7762,7770,1,120,2160.00
55716,55776,1,120,2160.00
47689,47718,1,120,2160.00
47380,47423,1,120,2160.00
13341,13364,1,120,2160.00
25286,25333,1,120,2160.00
42212,42271,1,120,2160.00
27123,27149,1,120,2160.00
40840,40917,1,120,2160.00
68704,68793,1,120,2160.00
27818,27880,1,120,2160.00
16022,16037,1,120,2160.00
68657,68679,1,120,2160.00
40760,40786,1,120,2160.00
70225,70249,1,120,2160.00
35873,35901,1,120,2160.00
36033,36051,1,120,2160.00
38448,38503,1,120,2160.00
11144,11186,1,120,2160.00
4808,4883,1,120,2160.00
24430,24440,1,120,2160.00
38773,38858,1,120,2160.00
44714,44753,1,120,2160.00
45969,45980,1,120,2160.00
50188,50252,1,120,2160.00
17229,17265,1,120,2160.00
17821,17857,1,120,2160.00
3782,3799,1,120,2160.00
46729,73018,1,120,2160.00
46706,46728,1,120,2160.00
32109,32145,1,120,2160.00
24536,24548,1,120,2160.00
7938,7988,1,120,2160.00
61707,61754,1,120,2160.00
62483,62573,1,120,2160.00
16616,16639,1,120,2160.00
67344,67360,1,120,2160.00
24701,24731,1,120,2160.00
22800,22810,1,120,2160.00
49613,49618,1,120,2160.00
22811,22886,1,120,2160.00
71796,71891,1,120,2160.00
69441,69479,1,120,2160.00
46839,46882,1,120,2160.00
72912,72941,1,120,2160.00
72633,72708,1,120,2160.00
17878,17956,1,120,2160.00
41044,41108,1,120,2160.00
60784,60809,1,120,2160.00
52511,52535,1,120,2160.00
23558,23568,1,120,2160.00
41459,41482,1,120,2160.00
41570,41657,1,120,2160.00
59653,59674,1,120,2160.00
60686,60711,1,120,2160.00
60233,60252,1,120,2160.00
644,667,1,120,2160.00
56515,56522,1,120,2160.00
51694,51740,1,120,2160.00
21083,21116,1,120,2160.00
61574,61635,1,120,2160.00
66574,66610,1,120,2160.00
58411,58443,1,120,2160.00
20274,20335,1,120,2160.00
45285,45366,1,120,2160.00
19812,19835,1,120,2160.00
2917,2930,1,120,2160.00
13256,13267,1,120,2160.00
18328,18374,1,120,2160.00
43120,43197,1,120,2160.00
58019,58108,1,120,2160.00
47767,47796,1,120,2160.00
7826,7907,1,120,2160.00
73254,73280,1,120,2160.00
35887,35904,1,120,2160.00
57875,57894,1,120,2160.00
32964,33037,1,120,2160.00
41287,41319,1,120,2160.00
4582,8343,1,120,2160.00
57461,57543,1,120,2160.00
41725,41832,1,120,2160.00
15584,15592,1,120,2160.00
55365,55390,1,120,2160.00
55033,55097,1,120,2160.00
40594,40640,1,120,2160.00
41801,41836,1,120,2160.00
9530,9612,1,120,2160.00
27389,27410,1,120,2160.00
8580,8613,1,120,2160.00
44391,44410,1,120,2160.00
36010,36048,1,120,2160.00
24222,24246,1,120,2160.00
56383,56457,1,120,2160.00
23497,23539,1,120,2160.00
7894,7910,1,120,2160.00
39628,39722,1,120,2160.00
51062,51108,1,120,2160.00
51804,51833,1,120,2160.00
56435,56465,1,120,2160.00
8541,8552,1,120,2160.00
42912,42923,1,120,2160.00
39174,39221,1,120,2160.00
56945,56995,1,120,2160.00
25357,25417,1,120,2160.00
10874,10912,1,120,2160.00
10895,10913,1,120,2160.00
68763,68800,1,120,2160.00
13519,13670,1,120,2160.00
164,216,1,90,2160.00
110,144,1,120,2160.00
39707,39733,1,120,2160.00
12244,12301,1,120,2160.00
41610,41662,1,120,2160.00
11148,11188,1,120,2160.00
12336,12343,1,120,2160.00
61051,61064,1,120,2160.00
50133,50156,1,120,2160.00
28040,28102,1,120,2160.00
45114,45173,1,120,2160.00
49100,49139,1,120,2160.00
49169,49203,1,120,2160.00
29765,29795,1,120,2160.00
30170,30211,1,120,2160.00
67870,67914,1,120,2160.00
54423,54437,1,120,2160.00
55860,55950,1,120,2160.00
32246,32267,1,120,2160.00
55606,55620,1,120,2160.00
31570,41656,1,120,2160.00
65911,65964,1,120,2160.00
65257,65281,1,120,2160.00
59483,59583,1,120,2160.00
27070,27142,1,120,2160.00
18123,23475,1,120,2160.00
26839,26852,1,120,2160.00
59885,59898,1,120,2160.00
19202,19267,1,120,2160.00
53782,53819,1,120,2160.00
19239,19269,1,120,2160.00
32500,32564,1,120,2160.00
5693,5757,1,120,2160.00
60167,60179,1,120,2160.00
70706,70725,1,120,2160.00
24200,24245,1,120,2160.00
41763,41835,1,120,2160.00
20085,20114,1,120,2160.00
32625,32678,1,120,2160.00
42347,42360,1,120,2160.00
71349,71401,1,120,2160.00
21737,21780,1,120,2160.00
21925,21967,1,120,2160.00
59258,59266,1,120,2160.00
59134,59214,1,120,2160.00
28877,28932,1,120,2160.00
27758,27774,1,120,2160.00
25179,25233,1,120,2160.00
36774,36799,1,120,2160.00
58026,58109,1,120,2160.00
37666,37679,1,120,2160.00
12510,12542,1,120,2160.00
11912,11920,1,120,2160.00
35355,35380,1,120,2160.00
23612,23621,1,120,2160.00
17279,17350,1,120,2160.00
55570,55584,1,120,2160.00
16798,16827,1,120,2160.00
54469,54519,1,120,2160.00
15211,15218,1,120,2160.00
10016,10045,1,120,2160.00
9687,9755,1,120,2160.00
9172,9190,1,120,2160.00
69717,69753,1,120,2160.00
7363,7398,1,120,2160.00
15134,17047,1,120,2160.00
10784,10840,1,120,2160.00
21164,21224,1,120,2160.00
67213,67278,1,120,2160.00
57563,57657,1,120,2160.00
36028,36050,1,120,2160.00
56163,56198,1,120,2160.00
22412,22429,1,120,2160.00
26538,26563,1,120,2160.00
34747,34757,1,120,2160.00
31113,31128,1,120,2160.00
3234,3240,1,120,2160.00
69047,69093,1,120,2160.00
32312,32371,1,120,2160.00
30339,30417,1,120,2160.00
60019,60044,1,120,2160.00
32323,32372,1,120,2160.00
60201,60246,1,120,2160.00
2782,2811,1,120,2160.00
5283,5312,1,120,2160.00
14410,16780,1,120,2160.00
44292,44340,1,120,2160.00
65049,65071,1,120,2160.00
65483,65491,1,120,2160.00
65657,65679,1,120,2160.00
13309,13357,1,120,2160.00
13385,13435,1,120,2160.00
36444,36499,1,120,2160.00
66057,66107,1,120,2160.00
71057,71063,1,120,2160.00
20342,20381,1,120,2160.00
21191,21226,1,120,2160.00
70445,70460,1,120,2160.00
49782,49837,1,120,2160.00
6812,6833,1,120,2160.00
67558,67613,1,120,2160.00
25192,25234,1,120,2160.00
68132,68149,1,120,2160.00
37065,37093,2,252,2133.60
64366,64391,1,240,2052.00
188,227,2,140,2004.00
210,235,1,80,2000.00
68055,68144,2,204,1956.00
13925,13971,1,108,1944.00
45813,45817,1,108,1944.00
68895,68918,1,108,1944.00
72365,72458,1,108,1944.00
32536,32568,1,108,1944.00
16314,16323,1,108,1944.00
53318,53378,1,108,1944.00
9303,9372,1,108,1944.00
16675,16707,1,108,1944.00
23183,23194,1,108,1944.00
17881,17958,1,108,1944.00
13100,13129,1,108,1944.00
51866,51945,1,108,1944.00
51479,51519,1,108,1944.00
54049,54112,1,108,1944.00
56528,56623,1,108,1944.00
24631,24647,1,108,1944.00
38051,38065,1,108,1944.00
33018,33044,1,108,1944.00
35517,35550,1,108,1944.00
28255,28344,1,108,1944.00
11632,11663,1,108,1944.00
1712,1749,1,108,1944.00
64369,64392,1,108,1944.00
41805,41837,1,108,1944.00
40431,40467,1,108,1944.00
33509,33756,1,108,1944.00
49088,49137,1,108,1944.00
40535,40562,1,108,1944.00
44117,44149,1,108,1944.00
10316,10329,1,108,1944.00
49318,49346,1,108,1944.00
42655,42703,1,108,1944.00
52956,53015,1,108,1944.00
10028,10046,1,108,1944.00
30027,30111,1,108,1944.00
25134,25154,1,108,1944.00
21147,21222,1,108,1944.00
48444,48529,1,108,1944.00
70836,70864,1,108,1944.00
15368,19264,1,108,1944.00
48086,48101,1,108,1944.00
21465,21547,1,108,1944.00
34062,34097,1,108,1944.00
1628,1672,1,108,1944.00
67340,67359,1,108,1944.00
66141,66192,1,108,1944.00
17715,17798,1,108,1944.00
42041,42090,1,108,1944.00
26674,26750,1,108,1944.00
31721,31751,1,108,1944.00
23527,23542,1,108,1944.00
18219,18256,1,108,1944.00
18362,18377,1,108,1944.00
44622,44656,1,108,1944.00
57593,57662,1,108,1944.00
57634,57665,1,108,1944.00
13560,13610,1,108,1944.00
18754,18758,1,108,1944.00
63483,63517,1,108,1944.00
8430,10586,1,108,1944.00
58541,58563,1,108,1944.00
26312,26327,1,108,1944.00
5997,6010,1,108,1944.00
1063,1065,1,108,1944.00
41606,41660,1,108,1944.00
7730,7778,1,108,1944.00
28711,28740,1,108,1944.00
6675,7022,1,108,1944.00
69549,69588,1,108,1944.00
59339,59384,1,108,1944.00
59352,59388,1,108,1944.00
17245,17269,1,108,1944.00
44222,44245,1,108,1944.00
33749,33771,1,108,1944.00
39995,40038,1,108,1944.00
5392,5399,1,108,1944.00
7016,7029,1,108,1944.00
63882,63958,1,108,1944.00
4017,4090,1,108,1944.00
49477,49557,1,108,1944.00
3872,3923,1,108,1944.00
65711,65728,1,108,1944.00
54372,54411,1,108,1944.00
18072,18121,1,108,1944.00
65813,65853,1,108,1944.00
41632,41663,1,108,1944.00
56379,56456,1,108,1944.00
46365,46388,1,108,1944.00
53561,53586,1,108,1944.00
53245,53320,1,108,1944.00
22695,22716,1,108,1944.00
36651,37228,1,108,1944.00
67545,67611,1,108,1944.00
22016,22031,1,108,1944.00
66271,66286,1,108,1944.00
10999,11010,1,108,1944.00
36935,36992,1,108,1944.00
37227,37239,1,108,1944.00
47591,47604,1,108,1944.00
47515,47538,1,108,1944.00
64638,64657,1,108,1944.00
14704,14709,1,108,1944.00
49154,49198,1,108,1944.00
69043,69091,1,108,1944.00
23652,23693,1,108,1944.00
25833,25873,1,108,1944.00
71256,71279,1,108,1944.00
12465,12535,1,108,1944.00
12519,12546,1,108,1944.00
45146,45175,1,108,1944.00
38016,38060,1,108,1944.00
56868,56876,1,108,1944.00
10798,10842,1,108,1944.00
50703,50757,1,108,1944.00
29076,29099,1,108,1944.00
59711,59741,1,108,1944.00
59490,59584,1,108,1944.00
73072,73103,1,108,1944.00
7218,7252,1,108,1944.00
53113,53132,1,108,1944.00
29139,29171,1,108,1944.00
56321,56367,1,108,1944.00
6336,6380,1,108,1944.00
6274,6328,1,108,1944.00
5796,5845,1,108,1944.00
60048,60130,1,108,1944.00
39902,39949,1,108,1944.00
36737,36796,1,108,1944.00
2209,2266,1,108,1944.00
72454,72466,1,108,1944.00
35281,35294,1,108,1944.00
31672,31676,1,108,1944.00
9236,9276,1,108,1944.00
744,765,1,108,1944.00
33337,33374,1,108,1944.00
71931,71998,1,108,1944.00
21770,21785,1,108,1944.00
53480,53516,1,108,1944.00
51233,51277,1,108,1944.00
51588,51606,1,108,1944.00
52910,52944,1,108,1944.00
70930,70953,1,108,1944.00
50490,50521,1,108,1944.00
20429,23279,1,108,1944.00
3610,3675,1,108,1944.00
24464,24492,1,108,1944.00
70102,71661,1,108,1944.00
39166,39219,1,108,1944.00
39215,39227,1,108,1944.00
37133,37144,1,108,1944.00
65228,65276,1,108,1944.00
43173,43202,1,108,1944.00
20318,20339,1,108,1944.00
32555,32572,1,108,1944.00
30612,30635,1,108,1944.00
39847,39939,1,108,1944.00
28632,28661,1,108,1944.00
49214,49282,1,108,1944.00
49074,49136,1,108,1944.00
58850,58893,1,108,1944.00
49652,49659,1,108,1944.00
61425,61493,1,108,1944.00
25790,25870,1,108,1944.00
65121,65163,1,108,1944.00
25703,25760,1,108,1944.00
10839,10845,1,108,1944.00
46535,46564,1,108,1944.00
63757,63810,1,108,1944.00
41032,41955,1,108,1944.00
36776,36800,1,108,1944.00
15049,15072,1,108,1944.00
9518,11007,1,108,1944.00
45770,45814,1,108,1944.00
49873,49928,1,108,1944.00
51202,51217,1,108,1944.00
25403,25423,1,108,1944.00
63057,63194,1,108,1944.00
5513,5553,1,108,1944.00
26300,26323,1,108,1944.00
52846,52884,1,108,1944.00
44314,44342,1,108,1944.00
28297,28348,1,108,1944.00
32103,32144,1,108,1944.00
29002,29029,1,108,1944.00
29265,29350,1,108,1944.00
9647,9661,1,108,1944.00
24721,24737,1,108,1944.00
29381,29454,1,108,1944.00
58260,58358,1,108,1944.00
20560,20575,1,108,1944.00
65351,65367,1,108,1944.00
59188,59221,1,108,1944.00
29671,29722,1,108,1944.00
19032,19065,1,108,1944.00
16649,16705,1,108,1944.00
6239,23955,1,108,1944.00
61857,61872,1,108,1944.00
61964,62007,1,108,1944.00
13781,13807,1,108,1944.00
67177,67273,1,108,1944.00
10582,10597,1,108,1944.00
35638,35708,1,108,1944.00
60484,60539,1,108,1944.00
17761,17799,1,108,1944.00
44178,44202,1,108,1944.00
2724,2736,1,108,1944.00
15497,15553,1,108,1944.00
52305,52320,1,108,1944.00
2364,2400,1,108,1944.00
2199,2208,1,108,1944.00
36437,73017,1,108,1944.00
4113,4159,1,108,1944.00
28329,28353,1,108,1944.00
37423,37480,1,108,1944.00
18727,18757,1,108,1944.00
8295,8346,1,108,1944.00
7434,7451,1,108,1944.00
29155,29173,1,108,1944.00
42049,42091,1,108,1944.00
14574,14619,1,108,1944.00
13419,13438,1,108,1944.00
53779,53818,1,108,1944.00
11702,11711,1,108,1944.00
36394,36433,1,108,1944.00
63567,63590,1,108,1944.00
22611,22640,1,108,1944.00
17030,17057,1,108,1944.00
17344,17357,1,108,1944.00
22629,22642,1,108,1944.00
40703,40735,1,108,1944.00
23313,23327,1,108,1944.00
42582,42644,1,108,1944.00
69805,69816,1,108,1944.00
60146,60175,1,108,1944.00
23235,23280,1,108,1944.00
70988,71024,1,108,1944.00
45542,45558,1,108,1944.00
61094,61112,1,108,1944.00
6651,6677,1,108,1944.00
17461,17486,1,108,1944.00
32718,32757,1,108,1944.00
4080,4097,1,108,1944.00
21205,21229,1,108,1944.00
72576,72589,1,108,1944.00
26612,26654,1,108,1944.00
61240,61298,1,108,1944.00
9381,9433,1,108,1944.00
48556,48587,1,108,1944.00
72569,72587,1,108,1944.00
27673,27689,1,108,1944.00
32550,32570,1,108,1944.00
62179,62268,1,108,1944.00
9660,9666,1,108,1944.00
7160,7201,1,108,1944.00
26402,26424,1,108,1944.00
18960,18983,1,108,1944.00
46608,46632,1,108,1944.00
26217,26259,1,108,1944.00
9873,9904,1,108,1944.00
64645,64659,1,108,1944.00
18486,18496,1,108,1944.00
44458,44493,1,108,1944.00
54938,55007,1,108,1944.00
3493,3527,1,108,1944.00
56743,56799,1,108,1944.00
55412,55440,1,108,1944.00
66213,66245,1,108,1944.00
48616,48651,1,108,1944.00
2439,2455,1,108,1944.00
25778,25867,1,108,1944.00
14098,14156,1,108,1944.00
25212,25238,1,108,1944.00
29602,29636,1,108,1944.00
58200,58213,1,108,1944.00
52852,52886,1,108,1944.00
30426,30496,1,108,1944.00
13451,13459,1,108,1944.00
64897,64929,1,108,1944.00
69970,70040,1,108,1944.00
13327,13360,1,108,1944.00
12999,13061,1,108,1944.00
20476,20503,1,108,1944.00
61093,61111,1,108,1944.00
8123,8173,1,108,1944.00
32934,32950,1,108,1944.00
36082,36142,1,108,1944.00
5236,5273,1,108,1944.00
27374,27407,1,108,1944.00
59557,59591,1,108,1944.00
70381,70454,1,108,1944.00
38437,38501,1,108,1944.00
47588,47603,1,108,1944.00
24750,24803,1,108,1944.00
24585,24643,1,108,1944.00
48050,48098,1,108,1944.00
28044,28103,1,108,1944.00
1134,1150,1,108,1944.00
13478,13514,1,108,1944.00
23010,23046,1,108,1944.00
22592,22639,1,108,1944.00
11631,11662,1,108,1944.00
20562,20576,1,108,1944.00
62440,62469,1,108,1944.00
39739,39824,1,108,1944.00
42943,43010,1,108,1944.00
19699,19714,1,108,1944.00
25060,25105,1,108,1944.00
42546,42640,1,108,1944.00
16349,16373,1,108,1944.00
49990,49999,1,108,1944.00
42189,42204,1,108,1944.00
50069,50098,1,108,1944.00
59552,59589,1,108,1944.00
12278,12306,1,108,1944.00
50397,50419,1,108,1944.00
64333,64386,1,108,1944.00
28456,28736,1,108,1944.00
51892,51949,1,108,1944.00
53579,53590,1,108,1944.00
10468,10497,1,108,1944.00
53858,53924,1,108,1944.00
55975,56067,1,108,1944.00
28770,28827,1,108,1944.00
50467,50515,1,108,1944.00
7301,7333,1,108,1944.00
8110,8177,1,108,1944.00
38310,38359,1,108,1944.00
7170,7203,1,108,1944.00
7732,7780,1,108,1944.00
6843,6858,1,108,1944.00
60748,60804,1,108,1944.00
38393,38406,1,108,1944.00
5046,5094,1,108,1944.00
29231,29250,1,108,1944.00
34132,34150,1,108,1944.00
30220,30248,1,108,1944.00
30665,30687,1,108,1944.00
39197,39225,1,108,1944.00
70803,70822,1,108,1944.00
4505,4585,1,108,1944.00
6614,6671,1,108,1944.00
72904,72939,1,108,1944.00
30753,30786,1,108,1944.00
32632,32679,1,108,1944.00
58061,58118,1,108,1944.00
26223,26261,1,108,1944.00
16451,16468,1,108,1944.00
65215,65226,1,108,1944.00
22247,22299,1,108,1944.00
22702,22717,1,108,1944.00
45278,45364,1,108,1944.00
69558,69590,1,108,1944.00
60829,60906,1,108,1944.00
45716,45766,1,108,1944.00
53284,53324,1,108,1944.00
4974,5005,1,108,1944.00
5001,5010,1,108,1944.00
5701,5760,1,108,1944.00
47620,47706,1,108,1944.00
50181,50251,1,108,1944.00
66926,66980,1,108,1944.00
11468,11489,1,108,1944.00
22166,22180,1,108,1944.00
49701,49735,1,108,1944.00
56899,56988,1,108,1944.00
61303,61379,1,108,1944.00
61534,61629,1,108,1944.00
43673,43770,1,108,1944.00
28593,28658,1,108,1944.00
10546,10592,1,108,1944.00
28401,28458,1,108,1944.00
32899,32947,1,108,1944.00
27680,27691,1,108,1944.00
42377,42413,1,108,1944.00
23841,23869,1,108,1944.00
23452,23481,1,108,1944.00
37121,37143,1,108,1944.00
67595,67619,1,108,1944.00
54470,54520,1,108,1944.00
55080,55101,1,108,1944.00
30863,30887,1,108,1944.00
25625,25681,1,108,1944.00
26135,26182,1,108,1944.00
11073,11114,1,108,1944.00
41840,41903,1,108,1944.00
48117,48192,1,108,1944.00
5742,5767,1,108,1944.00
5081,5090,1,108,1944.00
71085,71102,1,108,1944.00
49126,49143,1,108,1944.00
33229,33247,1,108,1944.00
50811,50868,1,108,1944.00
51878,51947,1,108,1944.00
26247,26265,1,108,1944.00
69810,70344,1,108,1944.00
23942,23958,1,108,1944.00
16644,16703,1,108,1944.00
37280,37319,1,108,1944.00
58696,67602,1,108,1944.00
22097,22171,1,108,1944.00
57767,57785,1,108,1944.00
36167,36213,1,108,1944.00
66084,66111,1,108,1944.00
19947,20015,1,108,1944.00
59748,59766,1,108,1944.00
60351,60371,1,108,1944.00
18407,18415,1,108,1944.00
62092,62113,1,108,1944.00
28999,29028,1,108,1944.00
16535,16594,1,108,1944.00
12909,12946,1,108,1944.00
12818,12863,1,108,1944.00
63172,63198,1,108,1944.00
29228,29249,1,108,1944.00
72839,72931,1,108,1944.00
69701,69752,1,108,1944.00
63773,63811,1,108,1944.00
61156,69749,1,108,1944.00
6753,6773,1,108,1944.00
6432,6519,1,108,1944.00
6248,6324,1,108,1944.00
3162,3242,1,108,1944.00
2764,2769,1,108,1944.00
72918,72942,1,108,1944.00
35443,35492,1,108,1944.00
64565,64595,1,108,1944.00
65393,65451,1,108,1944.00
73310,73383,1,108,1944.00
30135,30204,1,108,1944.00
64817,64874,1,108,1944.00
8853,8868,1,108,1944.00
14116,14158,1,108,1944.00
49363,49441,1,108,1944.00
37991,38010,1,108,1944.00
50448,50511,1,108,1944.00
25303,25335,1,108,1944.00
13374,13432,1,108,1944.00
27751,27772,1,108,1944.00
30192,30213,1,108,1944.00
12222,12298,1,108,1944.00
51636,51665,1,108,1944.00
8777,8801,1,108,1944.00
13242,13265,1,108,1944.00
30816,30881,1,108,1944.00
6949,7023,1,108,1944.00
48992,49061,1,108,1944.00
12525,12547,1,108,1944.00
11429,11485,1,108,1944.00
11252,11264,1,108,1944.00
48766,48787,1,108,1944.00
34770,34800,1,108,1944.00
5625,5644,1,108,1944.00
47848,47916,1,108,1944.00
3036,3068,1,108,1944.00
1848,1881,1,108,1944.00
5314,5398,1,108,1944.00
5166,5225,1,108,1944.00
5113,5141,1,108,1944.00
52083,52139,1,108,1944.00
60023,60045,1,108,1944.00
4961,5310,1,108,1944.00
2388,2402,1,108,1944.00
56000,56070,1,108,1944.00
42167,42202,1,108,1944.00
62045,62107,1,108,1944.00
40865,40918,1,108,1944.00
61965,62008,1,108,1944.00
69637,69669,1,108,1944.00
38962,38983,1,108,1944.00
40686,40734,1,108,1944.00
59511,59585,1,108,1944.00
16636,16640,1,108,1944.00
62743,62758,1,108,1944.00
27743,27771,1,108,1944.00
1503,1527,1,108,1944.00
46196,46224,1,108,1944.00
28804,28831,1,108,1944.00
29435,29461,1,108,1944.00
3622,3676,1,108,1944.00
52156,52209,1,108,1944.00
30078,30118,1,108,1944.00
72359,72457,1,108,1944.00
72304,72352,1,108,1944.00
19507,19536,1,108,1944.00
32405,32412,1,108,1944.00
68820,68912,1,108,1944.00
64590,64792,1,108,1944.00
19887,19917,1,108,1944.00
14400,14415,1,108,1944.00
72122,72130,1,108,1944.00
50280,50325,1,108,1944.00
13676,13728,1,108,1944.00
72236,72274,1,108,1944.00
12586,12622,1,108,1944.00
41495,41527,1,108,1944.00
11849,11864,1,108,1944.00
10793,10841,1,108,1944.00
41535,41551,1,108,1944.00
69971,70041,1,108,1944.00
70141,70199,1,108,1944.00
45449,45474,1,108,1944.00
2617,2640,1,108,1944.00
2820,2892,1,108,1944.00
45537,45556,1,108,1944.00
47651,47713,1,108,1944.00
67300,67351,1,108,1944.00
52769,52819,1,108,1944.00
64543,64593,1,108,1944.00
59452,59470,1,108,1944.00
11343,11353,1,108,1944.00
72742,72830,1,108,1944.00
4713,4787,1,108,1944.00
49740,49833,1,108,1944.00
47839,47914,1,108,1944.00
3775,3798,1,108,1944.00
15292,15311,1,108,1944.00
3734,3757,1,108,1944.00
32234,32265,1,108,1944.00
15399,15445,1,108,1944.00
37819,37837,1,108,1944.00
54152,54205,1,108,1944.00
17264,24911,1,108,1944.00
54518,54595,1,108,1944.00
39968,39989,1,108,1944.00
46265,46328,1,108,1944.00
26704,26751,1,108,1944.00
36039,36052,1,108,1944.00
35745,35778,1,108,1944.00
24064,24099,1,108,1944.00
11789,11807,1,108,1944.00
67442,67476,1,108,1944.00
27531,27549,1,108,1944.00
27803,27878,1,108,1944.00
45504,45550,1,108,1944.00
50513,50619,1,108,1944.00
51629,51663,1,108,1944.00
34299,34333,1,108,1944.00
57526,57553,1,108,1944.00
34971,35014,1,108,1944.00
53690,53803,1,108,1944.00
5202,5227,1,108,1944.00
53846,53922,1,108,1944.00
36293,36350,1,108,1944.00
29787,29798,1,108,1944.00
38240,38270,1,108,1944.00
17473,17488,1,108,1944.00
44556,44653,1,108,1944.00
39496,39563,1,108,1944.00
50232,50256,1,108,1944.00
25498,25570,1,108,1944.00
66319,66345,1,108,1944.00
20479,20505,1,108,1944.00
37953,37966,1,108,1944.00
39181,39223,1,108,1944.00
56500,56520,1,108,1944.00
20884,20917,1,108,1944.00
66575,66611,1,108,1944.00
41891,41907,1,108,1944.00
24583,24642,1,108,1944.00
60876,60918,1,108,1944.00
15996,18455,1,108,1944.00
61977,62009,1,108,1944.00
36463,36500,1,108,1944.00
40757,40785,1,108,1944.00
43186,43203,1,108,1944.00
24667,24727,1,108,1944.00
43442,43494,1,108,1944.00
47182,47271,1,108,1944.00
63433,63472,1,108,1944.00
63263,63281,1,108,1944.00
2233,2272,1,108,1944.00
49806,49838,1,108,1944.00
65990,66018,1,108,1944.00
26795,26815,1,108,1944.00
64000,64013,1,108,1944.00
64212,64254,1,108,1944.00
69615,69633,1,108,1944.00
64329,64384,1,108,1944.00
59683,59738,1,108,1944.00
49631,49656,1,108,1944.00
41684,41721,1,108,1944.00
5383,5402,1,108,1944.00
49844,49926,1,108,1944.00
13331,13362,1,108,1944.00
73293,73379,1,108,1944.00
41364,41427,1,108,1944.00
70749,70813,1,108,1944.00
15530,15554,1,108,1944.00
37057,37090,1,108,1944.00
2150,2164,1,108,1944.00
57721,57778,1,108,1944.00
57292,57338,1,108,1944.00
71160,71208,1,108,1944.00
26336,26417,1,108,1944.00
768,858,1,108,1944.00
22563,22635,1,108,1944.00
56716,56727,1,108,1944.00
25818,25872,1,108,1944.00
24360,24433,1,108,1944.00
64038,64064,1,108,1944.00
3385,3441,1,108,1944.00
73303,73381,1,108,1944.00
23751,23800,1,108,1944.00
30717,30780,1,108,1944.00
10693,10779,1,108,1944.00
29529,29566,1,108,1944.00
17169,17193,1,108,1944.00
19358,19435,1,108,1944.00
72728,72828,1,108,1944.00
18057,18065,1,108,1944.00
72021,72048,1,108,1944.00
34917,35009,1,108,1944.00
65710,65727,1,108,1944.00
15489,15496,1,108,1944.00
29660,29721,1,108,1944.00
28389,28457,1,108,1944.00
36928,36990,1,108,1944.00
62882,62907,1,108,1944.00
4950,4959,1,108,1944.00
2018,2057,1,108,1944.00
14858,14878,1,108,1944.00
297,322,2,257,1942.50
20,60,2,79,1937.00
30017,30110,1,60,1920.00
41253,41314,1,60,1920.00
18082,18123,1,60,1920.00
38388,38405,1,60,1920.00
35845,35897,1,60,1920.00
48865,48920,1,60,1920.00
70260,70346,1,60,1920.00
72265,72277,1,60,1920.00
7974,7986,1,60,1920.00
4907,4911,1,60,1920.00
19632,19681,1,60,1920.00
47632,47710,1,60,1920.00
65561,65578,1,60,1920.00
47996,48003,1,60,1920.00
29445,29463,1,60,1920.00
49588,49617,1,60,1920.00
53520,56062,1,60,1920.00
30159,30208,1,60,1920.00
16884,16919,1,60,1920.00
30100,30121,1,60,1920.00
15046,15071,1,60,1920.00
40727,40737,1,60,1920.00
39107,39150,1,60,1920.00
163,215,1,80,1920.00
23476,31247,1,60,1920.00
67642,67717,1,60,1920.00
52512,52536,1,60,1920.00
2368,2401,1,60,1920.00
38471,38508,1,60,1920.00
32147,32182,1,60,1920.00
62499,62577,1,60,1920.00
10409,10423,1,60,1920.00
55517,55522,1,60,1920.00
41923,41958,1,60,1920.00
8685,8720,1,60,1920.00
39186,39224,1,60,1920.00
66949,66983,1,60,1920.00
58082,58124,1,60,1920.00
33017,33043,1,60,1920.00
39524,39567,1,60,1920.00
165,217,2,90,1920.00
38590,38605,1,60,1920.00
55828,55847,1,60,1920.00
20167,20255,1,60,1920.00
23603,23620,1,60,1920.00
688,697,1,60,1920.00
20194,20258,1,60,1920.00
57863,57893,1,60,1920.00
59975,60039,1,60,1920.00
63200,63221,1,60,1920.00
53243,53319,1,60,1920.00
41263,41315,1,60,1920.00
73273,73284,1,60,1920.00
18522,18552,1,60,1920.00
2411,2453,1,60,1920.00
11989,12037,1,60,1920.00
49151,49197,1,60,1920.00
21616,21660,1,60,1920.00
67386,67470,1,60,1920.00
25090,25110,1,60,1920.00
68963,69034,1,60,1920.00
50543,50621,1,60,1920.00
46239,46327,1,60,1920.00
38700,38720,1,60,1920.00
73255,73281,1,60,1920.00
42355,43888,1,60,1920.00
2974,3022,1,60,1920.00
672,696,1,60,1920.00
64661,64700,1,60,1920.00
23518,23541,1,60,1920.00
20144,20158,1,60,1920.00
22425,22431,1,60,1920.00
57434,57456,1,60,1920.00
44283,44339,1,60,1920.00
41030,41043,1,60,1920.00
69323,69383,1,60,1920.00
70134,70197,1,60,1920.00
35908,35975,1,60,1920.00
41892,41908,1,60,1920.00
13716,13733,1,60,1920.00
24435,33241,1,60,1920.00
37896,37957,1,60,1920.00
61333,61383,1,60,1920.00
27501,27520,1,60,1920.00
25889,25925,1,60,1920.00
44098,44146,1,60,1920.00
47738,47793,1,60,1920.00
36261,36343,1,60,1920.00
25605,25679,1,60,1920.00
49816,49840,1,60,1920.00
62120,62157,1,60,1920.00
42232,42273,1,60,1920.00
71276,71281,1,60,1920.00
45413,45444,1,60,1920.00
71494,71513,1,60,1920.00
17772,17800,1,60,1920.00
19481,19534,1,60,1920.00
45988,46049,1,60,1920.00
17308,17353,1,60,1920.00
38037,38062,1,60,1920.00
39799,39834,1,60,1920.00
49276,49289,1,60,1920.00
3555,3585,1,60,1920.00
67402,67472,1,60,1920.00
36530,36560,1,60,1920.00
24865,24912,1,60,1920.00
3420,3442,1,60,1920.00
28,65,4,312,1908.00
301,324,1,50,1875.00
29,66,1,50,1850.00
64125,64163,1,216,1846.80
64221,64256,1,216,1846.80
98,137,3,184,1767.00
56333,56370,1,96,1728.00
56896,56987,1,96,1728.00
16676,16708,1,96,1728.00
7487,7522,1,96,1728.00
9935,9983,1,96,1728.00
13763,13772,1,96,1728.00
12611,12625,1,96,1728.00
55039,55098,1,96,1728.00
53747,53810,1,96,1728.00
56961,56998,1,96,1728.00
51680,51737,1,96,1728.00
38058,38067,1,96,1728.00
51121,51148,1,96,1728.00
55735,55780,1,96,1728.00
59928,59974,1,96,1728.00
68374,68413,1,96,1728.00
56411,56463,1,96,1728.00
30644,30685,1,96,1728.00
6347,6382,1,96,1728.00
60199,60245,1,96,1728.00
69505,69580,1,96,1728.00
14030,14063,1,96,1728.00
61959,62006,1,96,1728.00
16386,16402,1,96,1728.00
38997,39024,1,96,1728.00
1373,1382,1,96,1728.00
14218,14229,1,96,1728.00
33843,33860,1,96,1728.00
70924,70950,1,96,1728.00
53766,53814,1,96,1728.00
53712,53806,1,96,1728.00
53710,53805,1,96,1728.00
60464,60537,1,96,1728.00
29611,29640,1,96,1728.00
15029,15068,1,96,1728.00
54240,54321,1,96,1728.00
23254,23281,1,96,1728.00
15024,15066,1,96,1728.00
22773,22807,1,96,1728.00
55897,55955,1,96,1728.00
67868,67913,1,96,1728.00
5498,5550,1,96,1728.00
21714,21725,1,96,1728.00
5352,5400,1,96,1728.00
57566,57659,1,96,1728.00
56347,56372,1,96,1728.00
969,1034,1,96,1728.00
58490,58557,1,96,1728.00
60489,60540,1,96,1728.00
20107,20116,1,96,1728.00
41476,41485,1,96,1728.00
69989,70043,1,96,1728.00
7250,7253,1,96,1728.00
62785,62799,1,96,1728.00
69545,69587,1,96,1728.00
35510,35548,1,96,1728.00
60220,60250,1,96,1728.00
2818,2891,1,96,1728.00
34049,34095,1,96,1728.00
46904,46955,1,96,1728.00
49049,49069,1,96,1728.00
43915,43971,1,96,1728.00
20193,20257,1,96,1728.00
58263,58359,1,96,1728.00
58299,58364,1,96,1728.00
6790,6831,1,96,1728.00
5510,5552,1,96,1728.00
64686,64702,1,96,1728.00
44115,44147,1,96,1728.00
64343,64390,1,96,1728.00
7100,7143,1,96,1728.00
15162,15213,1,96,1728.00
42660,42705,1,96,1728.00
63342,63377,1,96,1728.00
15790,15812,1,96,1728.00
17046,17060,1,96,1728.00
50683,50755,1,96,1728.00
6510,6525,1,96,1728.00
60224,60251,1,96,1728.00
24971,25005,1,96,1728.00
60018,60043,1,96,1728.00
1765,1784,1,96,1728.00
9716,9758,1,96,1728.00
27910,27958,1,96,1728.00
30407,30425,1,96,1728.00
9124,9186,1,96,1728.00
57565,57658,1,96,1728.00
15687,15708,1,96,1728.00
51075,51109,1,96,1728.00
43127,43198,1,96,1728.00
60753,60806,1,96,1728.00
18592,18630,1,96,1728.00
64509,64588,1,96,1728.00
42533,42637,1,96,1728.00
36919,36989,1,96,1728.00
24635,24648,1,96,1728.00
4046,4093,1,96,1728.00
42599,42648,1,96,1728.00
26272,26318,1,96,1728.00
11262,11482,1,96,1728.00
4216,4265,1,96,1728.00
18608,18631,1,96,1728.00
16030,16040,1,96,1728.00
40186,40216,1,96,1728.00
37223,37237,1,96,1728.00
69894,69939,1,96,1728.00
18160,18191,1,96,1728.00
44179,44203,1,96,1728.00
72954,72963,1,96,1728.00
19499,19535,1,96,1728.00
14842,14874,1,96,1728.00
51477,51518,1,96,1728.00
58337,58367,1,96,1728.00
38262,38274,1,96,1728.00
69419,69476,1,96,1728.00
71155,71207,1,96,1728.00
66483,66502,1,96,1728.00
43037,43088,1,96,1728.00
72415,72462,1,96,1728.00
60218,60249,1,96,1728.00
15466,15491,1,96,1728.00
2642,3017,1,96,1728.00
35916,35977,1,96,1728.00
71246,71278,1,96,1728.00
2881,2896,1,96,1728.00
49502,49561,1,96,1728.00
34316,34337,1,96,1728.00
32867,32943,1,96,1728.00
38793,38863,1,96,1728.00
6536,6583,1,96,1728.00
7098,7142,1,96,1728.00
8455,8469,1,96,1728.00
9192,9369,1,96,1728.00
51822,53317,1,96,1728.00
8215,8261,1,96,1728.00
66942,66982,1,96,1728.00
9593,9618,1,96,1728.00
64302,64380,1,96,1728.00
29904,29946,1,96,1728.00
12248,12303,1,96,1728.00
25966,25978,1,96,1728.00
29715,29729,1,96,1728.00
6026,6051,1,96,1728.00
37887,37894,1,96,1728.00
61993,62011,1,96,1728.00
24920,25002,1,96,1728.00
20478,20504,1,96,1728.00
24109,24148,1,96,1728.00
21891,21963,1,96,1728.00
22880,22894,1,96,1728.00
21910,21964,1,96,1728.00
58480,58556,1,96,1728.00
60859,60913,1,96,1728.00
57957,58009,1,96,1728.00
68629,68648,1,96,1728.00
25343,25414,1,96,1728.00
57898,57944,1,96,1728.00
44347,44406,1,96,1728.00
25175,25232,1,96,1728.00
23628,23691,1,96,1728.00
31150,31162,1,96,1728.00
54415,54436,1,96,1728.00
32153,32185,1,96,1728.00
57786,57823,1,96,1728.00
69794,69814,1,96,1728.00
17427,17451,1,96,1728.00
29834,29845,1,96,1728.00
17685,17711,1,96,1728.00
39293,39314,1,96,1728.00
41214,41246,1,96,1728.00
45630,45666,1,96,1728.00
45687,45760,1,96,1728.00
30048,30113,1,96,1728.00
40720,40736,1,96,1728.00
58028,58111,1,96,1728.00
58475,58555,1,96,1728.00
19661,19682,1,96,1728.00
29755,29792,1,96,1728.00
21344,21356,1,96,1728.00
58546,58564,1,96,1728.00
20875,20916,1,96,1728.00
22191,22216,1,96,1728.00
988,1035,1,96,1728.00
23284,23324,1,96,1728.00
58249,58256,1,96,1728.00
66883,66906,1,96,1728.00
51248,51281,1,96,1728.00
64037,64063,1,96,1728.00
64513,64589,1,96,1728.00
12961,12993,1,96,1728.00
54721,54740,1,96,1728.00
10602,10684,1,96,1728.00
40073,40136,1,96,1728.00
44384,44409,1,96,1728.00
17128,17188,1,96,1728.00
28889,28934,1,96,1728.00
9538,9613,1,96,1728.00
72401,72461,1,96,1728.00
4362,4393,1,96,1728.00
44023,44030,1,96,1728.00
3907,3929,1,96,1728.00
27373,27406,1,96,1728.00
27194,27284,1,96,1728.00
23456,23482,1,96,1728.00
1684,1746,1,96,1728.00
21001,21075,1,96,1728.00
36091,36143,1,96,1728.00
40662,40733,1,96,1728.00
50416,50618,1,96,1728.00
15217,15271,1,96,1728.00
67709,67723,1,96,1728.00
7943,7987,1,96,1728.00
60921,60960,1,96,1728.00
56407,56461,1,96,1728.00
27420,27471,1,96,1728.00
3901,3928,1,96,1728.00
36158,36212,1,96,1728.00
1388,1442,1,96,1728.00
33452,33506,1,96,1728.00
45918,59848,1,96,1728.00
54584,54605,1,96,1728.00
28915,28939,1,96,1728.00
61804,61822,1,96,1728.00
49668,49732,1,96,1728.00
25522,25572,1,96,1728.00
29211,29248,1,96,1728.00
31921,31955,1,96,1728.00
6273,6327,1,96,1728.00
66863,66904,1,96,1728.00
51451,51515,1,96,1728.00
62623,62674,1,96,1728.00
34725,34755,1,96,1728.00
22724,22766,1,96,1728.00
4266,4643,1,96,1728.00
14418,14503,1,96,1728.00
72025,72049,1,96,1728.00
66725,66737,1,96,1728.00
38965,38984,1,96,1728.00
24259,24275,1,96,1728.00
67861,67912,1,96,1728.00
55590,55619,1,96,1728.00
61321,61382,1,96,1728.00
49425,49449,1,96,1728.00
50070,50099,1,96,1728.00
8508,8548,1,96,1728.00
25707,25761,1,96,1728.00
27247,27291,1,96,1728.00
17288,17352,1,96,1728.00
17125,17187,1,96,1728.00
2350,2354,1,96,1728.00
37829,37839,1,96,1728.00
65089,65160,1,96,1728.00
65246,65279,1,96,1728.00
17001,17052,1,96,1728.00
22863,22889,1,96,1728.00
55727,55777,1,96,1728.00
60543,60587,1,96,1728.00
55377,55393,1,96,1728.00
16581,16601,1,96,1728.00
14511,14563,1,96,1728.00
28625,28660,1,96,1728.00
67498,67605,1,96,1728.00
7851,7911,1,96,1728.00
54408,54413,1,96,1728.00
71433,71505,1,96,1728.00
29554,29570,1,96,1728.00
37337,37413,1,96,1728.00
29558,29571,1,96,1728.00
30378,30420,1,96,1728.00
8376,8428,1,96,1728.00
8495,8547,1,96,1728.00
30433,30497,1,96,1728.00
14021,14060,1,96,1728.00
52608,52648,1,96,1728.00
12848,12864,1,96,1728.00
31469,31487,1,96,1728.00
31422,31483,1,96,1728.00
8353,8427,1,96,1728.00
31206,31254,1,96,1728.00
49047,49068,1,96,1728.00
36520,36556,1,96,1728.00
40522,40560,1,96,1728.00
8246,8263,1,96,1728.00
59144,59217,1,96,1728.00
12330,12342,1,96,1728.00
47551,47601,1,96,1728.00
45715,45765,1,96,1728.00
15838,15896,1,96,1728.00
8155,8175,1,96,1728.00
42719,42762,1,96,1728.00
25737,25764,1,96,1728.00
50195,50254,1,96,1728.00
61868,61874,1,96,1728.00
6374,6385,1,96,1728.00
43379,43430,1,96,1728.00
73065,73102,1,96,1728.00
62381,62387,1,96,1728.00
41900,41910,1,96,1728.00
24656,24668,1,96,1728.00
41180,41196,1,96,1728.00
62367,62384,1,96,1728.00
2573,2595,1,96,1728.00
14603,14625,1,96,1728.00
46517,46559,1,96,1728.00
63405,63468,1,96,1728.00
51696,51741,1,96,1728.00
63257,63278,1,96,1728.00
68674,68681,1,96,1728.00
68289,68335,1,96,1728.00
24317,24353,1,96,1728.00
26275,26319,1,96,1728.00
68185,68210,1,96,1728.00
60053,60132,1,96,1728.00
21661,21718,1,96,1728.00
1541,1603,1,96,1728.00
52538,55579,1,96,1728.00
22025,22032,1,96,1728.00
49529,49565,1,96,1728.00
7395,7400,1,96,1728.00
49966,49996,1,96,1728.00
56218,56288,1,96,1728.00
70054,70101,1,96,1728.00
48183,48198,1,96,1728.00
42266,42276,1,96,1728.00
37927,37963,1,96,1728.00
69909,69942,1,96,1728.00
41284,41318,1,96,1728.00
40919,41031,1,96,1728.00
70774,70820,1,96,1728.00
72059,72124,1,96,1728.00
71733,71787,1,96,1728.00
44055,44138,1,96,1728.00
33709,33766,1,96,1728.00
69219,69295,1,96,1728.00
44218,44244,1,96,1728.00
58561,61055,1,96,1728.00
36398,36434,1,96,1728.00
56650,56720,1,96,1728.00
41092,41113,1,96,1728.00
50731,50763,1,96,1728.00
46686,46727,1,96,1728.00
55092,55105,1,96,1728.00
40658,40732,1,96,1728.00
40341,40350,1,96,1728.00
57741,57782,1,96,1728.00
58293,58362,1,96,1728.00
29403,29457,1,96,1728.00
51673,51736,1,96,1728.00
29129,29169,1,96,1728.00
56226,56290,1,96,1728.00
62398,62463,1,96,1728.00
55984,56068,1,96,1728.00
64767,64799,1,96,1728.00
28788,28830,1,96,1728.00
47442,47531,1,96,1728.00
65470,65490,1,96,1728.00
28423,28463,1,96,1728.00
65885,65909,1,96,1728.00
66083,66110,1,96,1728.00
71329,71397,1,96,1728.00
28100,28112,1,96,1728.00
71606,71665,1,96,1728.00
39844,39937,1,96,1728.00
39647,39726,1,96,1728.00
1196,1220,1,96,1728.00
51848,51943,1,96,1728.00
73529,73589,1,96,1728.00
38803,38864,1,96,1728.00
1379,1383,1,96,1728.00
48347,48412,1,96,1728.00
4009,4304,1,96,1728.00
6192,6238,1,96,1728.00
32677,32683,1,96,1728.00
3483,3523,1,96,1728.00
32411,32484,1,96,1728.00
3791,3801,1,96,1728.00
53708,53804,1,96,1728.00
30544,39935,1,96,1728.00
23665,23697,1,96,1728.00
14352,14407,1,96,1728.00
29134,29170,1,96,1728.00
10310,10326,1,96,1728.00
27675,27690,1,96,1728.00
12806,12943,1,96,1728.00
5162,5226,1,96,1728.00
17379,17447,1,96,1728.00
53979,54035,1,96,1728.00
56106,56138,1,96,1728.00
15390,15443,1,96,1728.00
63905,63964,1,96,1728.00
55804,55843,1,96,1728.00
40796,40816,1,96,1728.00
9275,9370,1,96,1728.00
9238,9277,1,96,1728.00
16738,16781,1,96,1728.00
13857,13903,1,96,1728.00
9550,9614,1,96,1728.00
17780,17802,1,96,1728.00
8118,8174,1,96,1728.00
4879,4888,1,96,1728.00
18782,18837,1,96,1728.00
63735,63807,1,96,1728.00
18882,18887,1,96,1728.00
57966,58011,1,96,1728.00
11541,11554,1,96,1728.00
5333,5401,1,96,1728.00
61814,61827,1,96,1728.00
63025,63053,1,96,1728.00
4622,4647,1,96,1728.00
56041,56076,1,96,1728.00
14911,14916,1,96,1728.00
50162,50248,1,96,1728.00
25917,25930,1,96,1728.00
72478,72515,1,96,1728.00
11734,11804,1,96,1728.00
57746,57783,1,96,1728.00
13296,13356,1,96,1728.00
57941,57947,1,96,1728.00
10813,10843,1,96,1728.00
53192,53223,1,96,1728.00
73482,73503,1,96,1728.00
7882,7904,1,96,1728.00
55431,55443,1,96,1728.00
53568,53588,1,96,1728.00
65630,65675,1,96,1728.00
5768,12036,1,96,1728.00
12549,12619,1,96,1728.00
56197,56282,1,96,1728.00
67065,67076,1,96,1728.00
3350,3360,1,96,1728.00
5522,5554,1,96,1728.00
21747,21782,1,96,1728.00
28947,28966,1,96,1728.00
60277,60362,1,96,1728.00
9255,9279,1,96,1728.00
40207,40218,1,96,1728.00
22413,22430,1,96,1728.00
6222,6244,1,96,1728.00
6225,6245,1,96,1728.00
41688,41722,1,96,1728.00
17102,17185,1,96,1728.00
41658,41831,1,96,1728.00
22123,22173,1,96,1728.00
15265,15279,1,96,1728.00
43111,43196,1,96,1728.00
72190,72268,1,96,1728.00
19206,19268,1,96,1728.00
71771,71790,1,96,1728.00
68960,69033,1,96,1728.00
6466,6522,1,96,1728.00
13884,13906,1,96,1728.00
32148,32183,1,96,1728.00
10325,11800,1,96,1728.00
64340,64388,1,96,1728.00
44015,44029,1,96,1728.00
8019,8024,1,96,1728.00
61627,61637,1,96,1728.00
30521,30543,1,96,1728.00
14194,14201,1,96,1728.00
35907,35974,1,96,1728.00
3237,3245,1,96,1728.00
38071,38118,1,96,1728.00
47226,47274,1,96,1728.00
14075,14154,1,96,1728.00
23974,24045,1,96,1728.00
50481,50518,1,96,1728.00
47027,47071,1,96,1728.00
61538,61631,1,96,1728.00
4515,4586,1,96,1728.00
57106,57179,1,96,1728.00
46637,46720,1,96,1728.00
20239,20260,1,96,1728.00
62312,62350,1,96,1728.00
28075,28108,1,96,1728.00
46783,46824,1,96,1728.00
39718,39735,1,96,1728.00
27860,27885,1,96,1728.00
62700,62754,1,96,1728.00
56501,56521,1,96,1728.00
5730,5764,1,96,1728.00
23838,23868,1,96,1728.00
54785,54804,1,96,1728.00
33392,33435,1,96,1728.00
11464,11488,1,96,1728.00
51232,51276,1,96,1728.00
5733,5765,1,96,1728.00
68830,68915,1,96,1728.00
34253,34279,1,96,1728.00
34059,34096,1,96,1728.00
48492,48533,1,96,1728.00
70039,70194,1,96,1728.00
13538,13608,1,96,1728.00
3492,3526,1,96,1728.00
8265,8344,1,96,1728.00
7515,7525,1,96,1728.00
70487,70553,1,96,1728.00
19010,19062,1,96,1728.00
2218,2271,1,96,1728.00
21105,21120,1,96,1728.00
21207,21230,1,96,1728.00
34871,34903,1,96,1728.00
26331,26416,1,96,1728.00
45629,45665,1,96,1728.00
50269,50322,1,96,1728.00
65602,65668,1,96,1728.00
73441,73499,1,96,1728.00
73448,73500,1,96,1728.00
27897,27957,1,96,1728.00
22151,22178,1,96,1728.00
59598,59670,1,96,1728.00
35207,35243,1,96,1728.00
68958,69032,1,96,1728.00
64901,64931,1,96,1728.00
29854,29889,1,96,1728.00
32729,32760,1,96,1728.00
64807,64873,1,96,1728.00
14327,14402,1,96,1728.00
200,231,1,96,1728.00
64691,64703,1,96,1728.00
34639,34661,1,96,1728.00
30946,30984,1,96,1728.00
36528,36559,1,96,1728.00
18174,18193,1,96,1728.00
772,864,1,96,1728.00
1641,1673,1,96,1728.00
30737,30783,1,96,1728.00
37566,37601,1,96,1728.00
17459,17485,1,96,1728.00
49472,49556,1,96,1728.00
38231,38269,1,96,1728.00
56259,56294,1,96,1728.00
39659,39728,1,96,1728.00
26601,26652,1,96,1728.00
2695,2735,1,96,1728.00
3992,4008,1,96,1728.00
5879,5900,1,96,1728.00
39758,39826,1,96,1728.00
27277,27297,1,96,1728.00
27152,27185,1,96,1728.00
39391,39427,1,96,1728.00
67200,67276,1,96,1728.00
21496,21551,1,96,1728.00
8549,8795,1,96,1728.00
11797,11808,1,96,1728.00
22537,22553,1,96,1728.00
38897,38941,1,96,1728.00
53588,63851,1,96,1728.00
9487,9519,1,96,1728.00
28811,28832,1,96,1728.00
6040,6054,1,96,1728.00
7935,7992,1,96,1728.00
44540,44560,1,96,1728.00
50426,50506,1,96,1728.00
64737,64795,1,96,1728.00
8072,8105,1,96,1728.00
72911,72940,1,96,1728.00
42085,42097,1,96,1728.00
37244,37313,1,96,1728.00
11586,11594,1,96,1728.00
28419,28462,1,96,1728.00
62025,62104,1,96,1728.00
20317,20338,1,96,1728.00
20366,20385,1,96,1728.00
16819,16831,1,96,1728.00
18977,18985,1,96,1728.00
49632,49657,1,96,1728.00
1185,1219,1,96,1728.00
246,274,1,96,1728.00
69541,69586,1,96,1728.00
38649,38937,1,96,1728.00
2939,3015,1,96,1728.00
39790,39831,1,96,1728.00
68931,69030,1,96,1728.00
50690,50756,1,96,1728.00
52593,52645,1,96,1728.00
70213,70248,1,96,1728.00
60716,60800,1,96,1728.00
7668,7685,1,96,1728.00
66492,66504,1,96,1728.00
6249,6325,1,96,1728.00
71093,71104,1,96,1728.00
55237,55253,1,96,1728.00
52444,52524,1,96,1728.00
27540,27550,1,96,1728.00
57917,57945,1,96,1728.00
57518,57552,1,96,1728.00
55886,55953,1,96,1728.00
21687,21723,1,96,1728.00
42874,42921,1,96,1728.00
17,58,3,69,1697.00
169,219,1,7,1680.00
72867,72933,1,50,1600.00
38321,38361,1,50,1600.00
59734,59742,1,50,1600.00
22263,22302,1,50,1600.00
71633,71668,1,50,1600.00
2871,2894,1,50,1600.00
43580,43621,1,50,1600.00
27664,27688,1,50,1600.00
66578,66612,1,50,1600.00
33851,33861,1,50,1600.00
49505,49562,1,50,1600.00
3825,3839,1,50,1600.00
20559,20574,1,50,1600.00
56309,56366,1,50,1600.00
50507,50968,1,50,1600.00
68955,69031,1,50,1600.00
15890,15901,1,50,1600.00
17009,17053,1,50,1600.00
61347,61384,1,50,1600.00
43768,43782,1,50,1600.00
15596,15635,1,50,1600.00
8856,8869,1,50,1600.00
65485,65492,1,50,1600.00
11641,11664,1,50,1600.00
23736,23746,1,50,1600.00
72035,72051,1,50,1600.00
11099,11118,1,50,1600.00
44789,44867,1,50,1600.00
64900,64930,1,50,1600.00
25860,25875,1,50,1600.00
23759,23801,1,50,1600.00
16254,16271,1,50,1600.00
20383,20795,1,50,1600.00
2957,3013,1,50,1600.00
8417,8431,1,50,1600.00
19611,19675,1,50,1600.00
48354,48413,1,50,1600.00
37768,37832,1,50,1600.00
39654,39727,1,50,1600.00
2356,2399,1,50,1600.00
19180,19348,1,50,1600.00
7282,7330,1,50,1600.00
16537,16595,1,50,1600.00
63039,63055,1,50,1600.00
4637,4648,1,50,1600.00
72263,72276,1,50,1600.00
39321,39371,1,50,1600.00
50048,50095,1,50,1600.00
50275,50323,1,50,1600.00
12981,12996,1,50,1600.00
20624,20672,1,50,1600.00
5891,5902,1,50,1600.00
23744,23747,1,50,1600.00
24760,24804,1,50,1600.00
32027,32074,1,50,1600.00
9466,9514,1,50,1600.00
26437,26464,1,50,1600.00
23479,29632,1,50,1600.00
61308,61380,1,50,1600.00
44090,44142,1,50,1600.00
71198,71212,1,50,1600.00
17950,17968,1,50,1600.00
17696,17712,1,50,1600.00
50474,50516,1,50,1600.00
38638,38653,1,50,1600.00
65023,65033,1,50,1600.00
46877,46886,1,50,1600.00
28909,28937,1,50,1600.00
14301,14318,1,50,1600.00
22053,22094,1,50,1600.00
20746,20796,1,50,1600.00
30988,31031,1,50,1600.00
34191,34230,1,50,1600.00
28426,28465,1,50,1600.00
57988,58013,1,50,1600.00
15979,15995,1,50,1600.00
71865,71900,1,50,1600.00
40739,40783,1,50,1600.00
6617,6672,1,50,1600.00
32382,32408,1,50,1600.00
7921,7996,1,50,1600.00
33829,33856,1,50,1600.00
15077,15130,1,50,1600.00
70464,70549,1,50,1600.00
55730,55778,1,50,1600.00
23664,23696,1,50,1600.00
41001,41036,1,50,1600.00
34496,40637,1,50,1600.00
73221,73278,1,50,1600.00
68439,68487,1,50,1600.00
63130,63195,1,50,1600.00
56772,56803,1,50,1600.00
22278,22304,1,50,1600.00
39129,39155,1,50,1600.00
46963,47067,1,50,1600.00
38099,38121,1,50,1600.00
206,234,2,56,1542.00
6352,6383,1,84,1512.00
50106,50150,1,84,1512.00
52575,52644,1,84,1512.00
60380,60457,1,84,1512.00
44642,44660,1,84,1512.00
7880,7913,1,84,1512.00
6997,7028,1,84,1512.00
69098,69156,1,84,1512.00
44469,44494,1,84,1512.00
36225,36249,1,84,1512.00
7710,7771,1,84,1512.00
31782,31843,1,84,1512.00
60837,60907,1,84,1512.00
8418,8432,1,84,1512.00
23688,23702,1,84,1512.00
9334,9376,1,84,1512.00
69116,69159,1,84,1512.00
45292,45369,1,84,1512.00
15223,15273,1,84,1512.00
3007,3021,1,84,1512.00
70687,70722,1,84,1512.00
56585,56627,1,84,1512.00
35998,36046,1,84,1512.00
27418,27470,1,84,1512.00
52566,52642,1,84,1512.00
52799,52820,1,84,1512.00
64323,64383,1,84,1512.00
7800,7909,1,84,1512.00
34881,34910,1,84,1512.00
6642,6675,1,84,1512.00
52557,52641,1,84,1512.00
22964,23045,1,84,1512.00
34464,34495,1,84,1512.00
33753,33773,1,84,1512.00
22652,22709,1,84,1512.00
15995,19265,1,84,1512.00
11345,11354,1,84,1512.00
16050,16114,1,84,1512.00
52316,54650,1,84,1512.00
7436,7452,1,84,1512.00
23833,23867,1,84,1512.00
16906,16921,1,84,1512.00
37884,37893,1,84,1512.00
5921,5938,1,84,1512.00
35754,35779,1,84,1512.00
13453,13460,1,84,1512.00
26444,26467,1,84,1512.00
48103,48190,1,84,1512.00
63706,63805,1,84,1512.00
37584,37605,1,84,1512.00
46456,46474,1,84,1512.00
48261,48306,1,84,1512.00
32447,32490,1,84,1512.00
55216,55252,1,84,1512.00
55580,56195,1,84,1512.00
18438,18457,1,84,1512.00
54878,54907,1,84,1512.00
64672,64701,1,84,1512.00
67817,67832,1,84,1512.00
15405,15447,1,84,1512.00
65604,65669,1,84,1512.00
72659,72711,1,84,1512.00
19117,19134,1,84,1512.00
66005,66019,1,84,1512.00
19173,19182,1,84,1512.00
66129,66191,1,84,1512.00
49527,49564,1,84,1512.00
48744,48785,1,84,1512.00
21666,21719,1,84,1512.00
21763,21783,1,84,1512.00
48795,48829,1,84,1512.00
1234,1264,1,84,1512.00
22726,22767,1,84,1512.00
28758,28825,1,84,1512.00
38735,38759,1,84,1512.00
70593,70606,1,84,1512.00
24504,24546,1,84,1512.00
25789,25869,1,84,1512.00
26526,26562,1,84,1512.00
60454,60466,1,84,1512.00
12761,12802,1,84,1512.00
2961,3014,1,84,1512.00
42997,43017,1,84,1512.00
30148,30206,1,84,1512.00
44392,44411,1,84,1512.00
55146,55166,1,84,1512.00
55571,55585,1,84,1512.00
44724,44754,1,84,1512.00
5547,5557,1,84,1512.00
47198,47272,1,84,1512.00
57496,57548,1,84,1512.00
43296,43365,1,84,1512.00
69951,70038,1,84,1512.00
49099,49138,1,84,1512.00
33744,33769,1,84,1512.00
35080,35118,1,84,1512.00
33212,33245,1,84,1512.00
60376,60456,1,84,1512.00
26339,26418,1,84,1512.00
65531,65575,1,84,1512.00
72521,72581,1,84,1512.00
32210,32264,1,84,1512.00
27448,27474,1,84,1512.00
35099,35119,1,84,1512.00
15593,15634,1,84,1512.00
47953,48002,1,84,1512.00
15761,15777,1,84,1512.00
46490,46556,1,84,1512.00
66337,66348,1,84,1512.00
51348,51370,1,84,1512.00
56791,56805,1,84,1512.00
20927,20979,1,84,1512.00
14375,14411,1,84,1512.00
56887,56985,1,84,1512.00
12245,12302,1,84,1512.00
56934,56994,1,84,1512.00
34773,34801,1,84,1512.00
69459,69482,1,84,1512.00
45822,45913,1,84,1512.00
23283,24350,1,84,1512.00
45448,45473,1,84,1512.00
29951,29999,1,84,1512.00
11477,11490,1,84,1512.00
45298,45371,1,84,1512.00
11629,11661,1,84,1512.00
17366,17446,1,84,1512.00
40790,40814,1,84,1512.00
33303,33316,1,84,1512.00
53026,53119,1,84,1512.00
53891,53928,1,84,1512.00
42722,42763,1,84,1512.00
34876,34906,1,84,1512.00
19788,19831,1,84,1512.00
55342,55705,1,84,1512.00
42765,42815,1,84,1512.00
26276,26320,1,84,1512.00
24072,24101,1,84,1512.00
27173,27187,1,84,1512.00
23070,23105,1,84,1512.00
68375,68414,1,84,1512.00
21975,22008,1,84,1512.00
27641,27685,1,84,1512.00
28265,28345,1,84,1512.00
60314,60364,1,84,1512.00
7177,7207,1,84,1512.00
36725,36735,1,84,1512.00
18888,18915,1,84,1512.00
6275,6329,1,84,1512.00
18467,18494,1,84,1512.00
41595,41659,1,84,1512.00
17920,17964,1,84,1512.00
29143,29172,1,84,1512.00
17858,22386,1,84,1512.00
4412,4429,1,84,1512.00
63563,63589,1,84,1512.00
64482,64503,1,84,1512.00
63580,63592,1,84,1512.00
16427,16465,1,84,1512.00
14601,14624,1,84,1512.00
46329,69292,1,84,1512.00
14325,14401,1,84,1512.00
71940,71999,1,84,1512.00
70713,70726,1,84,1512.00
13736,13769,1,84,1512.00
4806,4882,1,84,1512.00
48505,48535,1,84,1512.00
12155,12169,1,84,1512.00
30232,30251,1,84,1512.00
64469,64502,1,84,1512.00
65368,65446,1,84,1512.00
48039,48096,1,84,1512.00
30235,30252,1,84,1512.00
12177,12209,1,84,1512.00
30593,30631,1,84,1512.00
66562,66607,1,84,1512.00
17019,17054,1,84,1512.00
51260,51283,1,84,1512.00
46870,46884,1,84,1512.00
48509,48536,1,84,1512.00
11257,11266,1,84,1512.00
11445,11487,1,84,1512.00
57122,57182,1,84,1512.00
35308,35332,1,84,1512.00
36486,36505,1,84,1512.00
1229,1262,1,84,1512.00
32794,32857,1,84,1512.00
36522,36557,1,84,1512.00
61228,61297,1,84,1512.00
30821,30882,1,84,1512.00
63212,63223,1,84,1512.00
50723,50759,1,84,1512.00
9914,9981,1,84,1512.00
21112,21121,1,84,1512.00
47583,47602,1,84,1512.00
15090,15131,1,84,1512.00
32700,32756,1,84,1512.00
6196,6239,1,84,1512.00
49555,49568,1,84,1512.00
39443,39469,1,84,1512.00
45696,45761,1,84,1512.00
34890,34911,1,84,1512.00
39376,39425,1,84,1512.00
32978,33038,1,84,1512.00
5912,5937,1,84,1512.00
69643,69670,1,84,1512.00
30566,30629,1,84,1512.00
5209,5232,1,84,1512.00
66354,66394,1,84,1512.00
56230,56291,1,84,1512.00
6620,6673,1,84,1512.00
32618,33371,1,84,1512.00
4667,4703,1,84,1512.00
21317,21355,1,84,1512.00
311,326,1,84,1512.00
53992,54038,1,84,1512.00
53343,53381,1,84,1512.00
54542,54596,1,84,1512.00
38258,38273,1,84,1512.00
61878,61928,1,84,1512.00
65962,65969,1,84,1512.00
15985,15997,1,84,1512.00
13506,13518,1,84,1512.00
55641,55707,1,84,1512.00
35655,35710,1,84,1512.00
26993,27053,1,84,1512.00
52030,52079,1,84,1512.00
55509,55521,1,84,1512.00
42209,42270,1,84,1512.00
66564,66608,1,84,1512.00
65741,65792,1,84,1512.00
65773,65794,1,84,1512.00
24718,24735,1,84,1512.00
11060,11109,1,84,1512.00
42335,42358,1,84,1512.00
16021,16036,1,84,1512.00
997,1037,1,84,1512.00
42456,42472,1,84,1512.00
42231,42272,1,84,1512.00
44492,44750,1,84,1512.00
18830,18846,1,84,1512.00
36786,36801,1,84,1512.00
8977,9035,1,84,1512.00
73295,73380,1,84,1512.00
36386,36432,1,84,1512.00
35910,35976,1,84,1512.00
61664,61749,1,84,1512.00
16882,16918,1,84,1512.00
19516,19538,1,84,1512.00
49158,49200,1,84,1512.00
29953,30000,1,84,1512.00
20454,20500,1,84,1512.00
17032,17059,1,84,1512.00
7922,7994,1,84,1512.00
5331,5397,1,84,1512.00
4482,4492,1,84,1512.00
54553,54598,1,84,1512.00
67855,67910,1,84,1512.00
55756,55781,1,84,1512.00
21150,21223,1,84,1512.00
21284,21306,1,84,1512.00
54945,55008,1,84,1512.00
3593,3673,1,84,1512.00
27004,27055,1,84,1512.00
40285,40309,1,84,1512.00
65196,65225,1,84,1512.00
52493,52531,1,84,1512.00
51491,51520,1,84,1512.00
62823,62839,1,84,1512.00
25771,25866,1,84,1512.00
23016,23047,1,84,1512.00
43190,43204,1,84,1512.00
42961,43012,1,84,1512.00
40588,40639,1,84,1512.00
72226,72272,1,84,1512.00
66371,66395,1,84,1512.00
39109,39151,1,84,1512.00
46156,46219,1,84,1512.00
32373,38981,1,84,1512.00
71717,71784,1,84,1512.00
47258,47277,1,84,1512.00
2467,2518,1,84,1512.00
31479,31488,1,84,1512.00
71952,72002,1,84,1512.00
66593,66613,1,84,1512.00
47098,47172,1,84,1512.00
18294,18372,1,84,1512.00
18040,18062,1,84,1512.00
68965,69035,1,84,1512.00
14874,19914,1,84,1512.00
50170,50249,1,84,1512.00
13649,13671,1,84,1512.00
45044,45083,1,84,1512.00
25666,25683,1,84,1512.00
45398,45440,1,84,1512.00
45525,45554,1,84,1512.00
45613,45664,1,84,1512.00
31080,31126,1,84,1512.00
70733,70809,1,84,1512.00
8000,8023,1,84,1512.00
10515,10589,1,84,1512.00
39125,39154,1,84,1512.00
8057,8111,1,84,1512.00
31199,31252,1,84,1512.00
10080,10089,1,84,1512.00
48235,48304,1,84,1512.00
59056,59111,1,84,1512.00
11243,11263,1,84,1512.00
11513,11553,1,84,1512.00
20300,20336,1,84,1512.00
31321,31354,1,84,1512.00
13049,13065,1,84,1512.00
35792,35832,1,84,1512.00
13316,13358,1,84,1512.00
73333,73387,1,84,1512.00
9265,9280,1,84,1512.00
11312,11320,1,84,1512.00
48899,48923,1,84,1512.00
69396,69474,1,84,1512.00
30094,39559,1,84,1512.00
14066,14153,1,84,1512.00
33288,33314,1,84,1512.00
33691,33761,1,84,1512.00
14118,14159,1,84,1512.00
15240,15274,1,84,1512.00
66011,66020,1,84,1512.00
54920,55005,1,84,1512.00
70028,70046,1,84,1512.00
55176,55246,1,84,1512.00
57817,57827,1,84,1512.00
17207,17262,1,84,1512.00
38134,38221,1,84,1512.00
20693,20732,1,84,1512.00
53439,53510,1,84,1512.00
51749,51823,1,84,1512.00
70887,70945,1,84,1512.00
55180,55248,1,84,1512.00
18236,18260,1,84,1512.00
34856,34902,1,84,1512.00
25557,25576,1,84,1512.00
22043,22091,1,84,1512.00
14547,14567,1,84,1512.00
13466,13511,1,84,1512.00
70946,71019,1,84,1512.00
49949,49994,1,84,1512.00
68790,68909,1,84,1512.00
36744,36798,1,84,1512.00
50635,50675,1,84,1512.00
52352,52387,1,84,1512.00
44678,44751,1,84,1512.00
44686,44752,1,84,1512.00
17934,17965,1,84,1512.00
53049,53122,1,84,1512.00
44860,44877,1,84,1512.00
31873,31895,1,84,1512.00
71985,72006,1,84,1512.00
43337,43371,1,84,1512.00
32356,32375,1,84,1512.00
31087,31127,1,84,1512.00
25074,25107,1,84,1512.00
40401,40463,1,84,1512.00
24916,25001,1,84,1512.00
69462,69484,1,84,1512.00
68021,68056,1,84,1512.00
67991,68007,1,84,1512.00
60547,60588,1,84,1512.00
63694,63704,1,84,1512.00
45875,45916,1,84,1512.00
66233,66248,1,84,1512.00
23170,23537,1,84,1512.00
61645,61746,1,84,1512.00
64521,64591,1,84,1512.00
1481,1526,1,84,1512.00
49753,49835,1,84,1512.00
49559,50617,1,84,1512.00
1232,1263,1,84,1512.00
38363,38403,1,84,1512.00
37375,37416,1,84,1512.00
24527,24547,1,84,1512.00
2211,2268,1,84,1512.00
2222,2267,1,84,1512.00
64489,64504,1,84,1512.00
49365,49443,1,84,1512.00
4056,4094,1,84,1512.00
31583,31621,1,84,1512.00
13840,13902,1,84,1512.00
32997,33039,1,84,1512.00
6445,6521,1,84,1512.00
7432,7450,1,84,1512.00
32061,32076,1,84,1512.00
32170,32189,1,84,1512.00
12725,12735,1,84,1512.00
64238,64259,1,84,1512.00
8452,8467,1,84,1512.00
29703,29727,1,84,1512.00
8715,8722,1,84,1512.00
50806,50867,1,84,1512.00
11815,11862,1,84,1512.00
6595,6669,1,84,1512.00
14131,14161,1,84,1512.00
21012,21076,1,84,1512.00
14291,14705,1,84,1512.00
16141,16192,1,84,1512.00
16047,16113,1,84,1512.00
8263,12160,1,84,1512.00
48612,48649,1,84,1512.00
17664,17673,1,84,1512.00
10817,10844,1,84,1512.00
14941,14959,1,84,1512.00
46511,46558,1,84,1512.00
15832,15895,1,84,1512.00
70641,70720,1,84,1512.00
15004,15017,1,84,1512.00
42363,42412,1,84,1512.00
20140,20157,1,84,1512.00
19929,20012,1,84,1512.00
60923,60962,1,84,1512.00
20891,20920,1,84,1512.00
44785,44866,1,84,1512.00
21631,21662,1,84,1512.00
558,592,1,84,1512.00
7783,7817,1,84,1512.00
5627,5645,1,84,1512.00
62418,62466,1,84,1512.00
18993,19060,1,84,1512.00
62853,62905,1,84,1512.00
15246,15275,1,84,1512.00
45290,45368,1,84,1512.00
2014,2056,1,84,1512.00
31558,31570,1,84,1512.00
38812,38865,1,84,1512.00
17812,17856,1,84,1512.00
46812,46826,1,84,1512.00
14593,14622,1,84,1512.00
20513,20572,1,84,1512.00
48076,48099,1,84,1512.00
49683,49734,1,84,1512.00
6209,6240,1,84,1512.00
72655,72710,1,84,1512.00
33982,34001,1,84,1512.00
46372,46390,1,84,1512.00
72377,72459,1,84,1512.00
13965,13975,1,84,1512.00
66714,66736,1,84,1512.00
72317,72353,1,84,1512.00
67010,67029,1,84,1512.00
71611,71666,1,84,1512.00
32291,32369,1,84,1512.00
17250,17271,1,84,1512.00
7699,7776,1,84,1512.00
48442,48528,1,84,1512.00
63887,63960,1,84,1512.00
43035,43087,1,84,1512.00
6486,6523,1,84,1512.00
42108,42195,1,84,1512.00
37809,37834,1,84,1512.00
9311,9373,1,84,1512.00
4943,4957,1,84,1512.00
22579,22636,1,84,1512.00
13703,13731,1,84,1512.00
38872,38938,1,84,1512.00
11585,11593,1,84,1512.00
28283,28346,1,84,1512.00
5439,5490,1,84,1512.00
70115,70195,1,84,1512.00
58579,58612,1,84,1512.00
60451,60465,1,84,1512.00
48910,48924,1,84,1512.00
54191,54209,1,84,1512.00
54989,55013,1,84,1512.00
8313,8348,1,84,1512.00
9658,9665,1,84,1512.00
64753,64797,1,84,1512.00
54030,54040,1,84,1512.00
57927,57946,1,84,1512.00
58247,58254,1,84,1512.00
58628,58695,1,84,1512.00
59376,59579,1,84,1512.00
72825,72838,1,84,1512.00
50479,50517,1,84,1512.00
15433,15450,1,84,1512.00
19313,19349,1,84,1512.00
23614,23690,1,84,1512.00
9818,9839,1,84,1512.00
7463,7521,1,84,1512.00
41472,41484,1,84,1512.00
19478,19533,1,84,1512.00
65291,65356,1,84,1512.00
69158,69750,1,84,1512.00
12858,12866,1,84,1512.00
6241,6379,1,84,1512.00
13893,13908,1,84,1512.00
6109,15011,1,84,1512.00
63214,63224,1,84,1512.00
7657,7684,1,84,1512.00
29594,29635,1,84,1512.00
71549,71585,1,84,1512.00
26755,26813,1,84,1512.00
38075,38120,1,84,1512.00
37716,37759,1,84,1512.00
52304,52319,1,84,1512.00
52460,52528,1,84,1512.00
56699,56725,1,84,1512.00
15470,15493,1,84,1512.00
39568,39625,1,84,1512.00
58374,58398,1,84,1512.00
73572,73594,1,84,1512.00
43538,43575,1,84,1512.00
61139,61155,1,84,1512.00
34513,34546,1,84,1512.00
35241,35288,1,84,1512.00
241,273,1,84,1512.00
34488,34496,1,84,1512.00
51790,51831,1,84,1512.00
32691,32753,1,84,1512.00
411,422,1,84,1512.00
50598,50630,1,84,1512.00
57473,57545,1,84,1512.00
9779,9836,1,84,1512.00
68822,68913,1,84,1512.00
11575,11592,1,84,1512.00
68001,68008,1,84,1512.00
57286,57336,1,84,1512.00
58281,58361,1,84,1512.00
11044,11105,1,84,1512.00
31484,46094,1,84,1512.00
68174,68208,1,84,1512.00
61806,61823,1,84,1512.00
35404,35490,1,84,1512.00
55178,55247,1,84,1512.00
23433,23479,1,84,1512.00
71496,71514,1,84,1512.00
72223,72271,1,84,1512.00
755,766,1,84,1512.00
10158,10235,1,84,1512.00
71445,71507,1,84,1512.00
47449,47532,1,84,1512.00
44627,44658,1,84,1512.00
54136,54202,1,84,1512.00
39102,39149,1,84,1512.00
4977,5008,1,84,1512.00
37906,37960,1,84,1512.00
9378,35895,1,84,1512.00
21673,21720,1,84,1512.00
47600,48585,1,84,1512.00
48875,48921,1,84,1512.00
4611,4646,1,84,1512.00
49257,49285,1,84,1512.00
12967,12994,1,84,1512.00
67760,67823,1,84,1512.00
51710,51743,1,84,1512.00
40176,40215,1,84,1512.00
59736,59743,1,84,1512.00
70232,70250,1,84,1512.00
51643,51669,1,84,1512.00
3833,3840,1,84,1512.00
71975,72004,1,84,1512.00
55530,55581,1,84,1512.00
54565,54601,1,84,1512.00
57190,57229,1,84,1512.00
48397,48423,1,84,1512.00
22643,22708,1,84,1512.00
38187,38226,1,84,1512.00
58343,58368,1,84,1512.00
31502,31565,1,84,1512.00
37135,37145,1,84,1512.00
5248,5272,1,84,1512.00
36933,36991,1,84,1512.00
36685,36733,1,84,1512.00
49248,49284,1,84,1512.00
787,860,1,84,1512.00
19069,19131,1,84,1512.00
32276,32366,1,84,1512.00
38624,38648,1,84,1512.00
33525,33535,1,84,1512.00
18462,18493,1,84,1512.00
56395,56460,1,84,1512.00
17998,18060,1,84,1512.00
33775,33813,1,84,1512.00
30631,40462,1,84,1512.00
29962,30002,1,84,1512.00
42981,43015,1,84,1512.00
47668,47714,1,84,1512.00
16648,16704,1,84,1512.00
43661,60959,1,84,1512.00
16294,16321,1,84,1512.00
67577,67617,1,84,1512.00
45204,45233,1,84,1512.00
14734,14795,1,84,1512.00
63401,63467,1,84,1512.00
63522,63582,1,84,1512.00
49673,49733,1,84,1512.00
25198,25235,1,84,1512.00
27485,27518,1,84,1512.00
26241,26264,1,84,1512.00
61087,61110,1,84,1512.00
5535,5555,1,84,1512.00
11626,11660,1,84,1512.00
44511,44557,1,84,1512.00
38539,38561,1,84,1512.00
61651,61748,1,84,1512.00
11052,11107,1,84,1512.00
10623,10686,1,84,1512.00
61692,61753,1,84,1512.00
65418,65455,1,84,1512.00
66873,66905,1,84,1512.00
21055,21079,1,84,1512.00
9817,9838,1,84,1512.00
41438,41479,1,84,1512.00
20754,20799,1,84,1512.00
7,49,1,100,1500.00
64289,64376,1,168,1436.40
5,48,2,80,1424.00
38,73,2,148,1420.00
72749,72831,2,367,1322.90
5862,5898,1,72,1296.00
65665,65681,1,72,1296.00
17100,17184,1,72,1296.00
23804,24044,1,72,1296.00
49200,59849,1,72,1296.00
70901,70948,1,72,1296.00
23417,23478,1,72,1296.00
10703,10780,1,72,1296.00
47295,47325,1,72,1296.00
54993,55015,1,72,1296.00
53757,53812,1,72,1296.00
4490,4493,1,72,1296.00
60873,60917,1,72,1296.00
62900,62910,1,72,1296.00
6337,6381,1,72,1296.00
55710,56798,1,72,1296.00
27357,27402,1,72,1296.00
15988,15998,1,72,1296.00
27304,27348,1,72,1296.00
48568,48589,1,72,1296.00
18802,18842,1,72,1296.00
69276,69298,1,72,1296.00
60717,60801,1,72,1296.00
4383,4395,1,72,1296.00
27756,27773,1,72,1296.00
59966,59977,1,72,1296.00
8308,8347,1,72,1296.00
42917,42925,1,72,1296.00
20246,20263,1,72,1296.00
21864,21959,1,72,1296.00
41466,41483,1,72,1296.00
1465,1523,1,72,1296.00
4649,4700,1,72,1296.00
28978,29026,1,72,1296.00
31794,31845,1,72,1296.00
38013,38059,1,72,1296.00
45260,45276,1,72,1296.00
33559,33586,1,72,1296.00
14453,14504,1,72,1296.00
44837,44874,1,72,1296.00
15756,15775,1,72,1296.00
49655,49731,1,72,1296.00
67072,67077,1,72,1296.00
13816,13899,1,72,1296.00
73129,73170,1,72,1296.00
67787,67828,1,72,1296.00
37908,37961,1,72,1296.00
15415,15448,1,72,1296.00
40551,40563,1,72,1296.00
4904,4910,1,72,1296.00
22658,22711,1,72,1296.00
65502,65571,1,72,1296.00
66768,66824,1,72,1296.00
24715,24734,1,72,1296.00
43634,43660,1,72,1296.00
66794,66828,1,72,1296.00
54797,54807,1,72,1296.00
52391,52638,1,72,1296.00
43834,43892,1,72,1296.00
39454,39470,1,72,1296.00
23381,23476,1,72,1296.00
44966,45027,1,72,1296.00
18084,18124,1,72,1296.00
6161,6186,1,72,1296.00
53983,54036,1,72,1296.00
60084,60137,1,72,1296.00
62087,62112,1,72,1296.00
65923,65966,1,72,1296.00
31538,31567,1,72,1296.00
26349,26420,1,72,1296.00
65569,65581,1,72,1296.00
2029,2060,1,72,1296.00
63254,63277,1,72,1296.00
34940,35011,1,72,1296.00
12553,12620,1,72,1296.00
15984,15996,1,72,1296.00
48772,48789,1,72,1296.00
12516,12545,1,72,1296.00
65314,65360,1,72,1296.00
13238,13264,1,72,1296.00
8779,8802,1,72,1296.00
35542,35552,1,72,1296.00
28509,28579,1,72,1296.00
17419,17449,1,72,1296.00
61877,61927,1,72,1296.00
59858,59895,1,72,1296.00
41889,41906,1,72,1296.00
54225,54319,1,72,1296.00
44491,63804,1,72,1296.00
8156,8176,1,72,1296.00
44216,44243,1,72,1296.00
71176,71211,1,72,1296.00
15320,15368,1,72,1296.00
30245,30253,1,72,1296.00
35674,35712,1,72,1296.00
10138,10147,1,72,1296.00
5749,5768,1,72,1296.00
55883,55952,1,72,1296.00
68367,68411,1,72,1296.00
34935,35010,1,72,1296.00
40055,40134,1,72,1296.00
53485,53518,1,72,1296.00
48233,48302,1,72,1296.00
64643,64658,1,72,1296.00
33696,33764,1,72,1296.00
53280,53323,1,72,1296.00
4967,5011,1,72,1296.00
19013,19063,1,72,1296.00
21286,21307,1,72,1296.00
60795,60810,1,72,1296.00
53788,53820,1,72,1296.00
1571,1606,1,72,1296.00
61147,61156,1,72,1296.00
73318,73386,1,72,1296.00
72422,72464,1,72,1296.00
15300,15312,1,72,1296.00
7429,7449,1,72,1296.00
14889,14913,1,72,1296.00
35271,35293,1,72,1296.00
71049,71062,1,72,1296.00
70737,70811,1,72,1296.00
69392,69472,1,72,1296.00
61126,61153,1,72,1296.00
68507,68544,1,72,1296.00
6667,6680,1,72,1296.00
20271,20334,1,72,1296.00
73568,73593,1,72,1296.00
25,63,1,72,1296.00
5695,5758,1,72,1296.00
59527,59586,1,72,1296.00
25697,25759,1,72,1296.00
46496,46557,1,72,1296.00
64305,64381,1,72,1296.00
54488,54522,1,72,1296.00
65135,65164,1,72,1296.00
63260,63279,1,72,1296.00
62076,62111,1,72,1296.00
17839,17858,1,72,1296.00
27086,27146,1,72,1296.00
50843,50871,1,72,1296.00
27183,27188,1,72,1296.00
23894,23910,1,72,1296.00
21503,21552,1,72,1296.00
24078,24102,1,72,1296.00
69351,69384,1,72,1296.00
55793,55840,1,72,1296.00
27011,27056,1,72,1296.00
55138,55165,1,72,1296.00
14208,14228,1,72,1296.00
58991,59048,1,72,1296.00
51327,51367,1,72,1296.00
44585,44599,1,72,1296.00
50342,50413,1,72,1296.00
50045,50094,1,72,1296.00
65830,65855,1,72,1296.00
52806,52822,1,72,1296.00
32173,32190,1,72,1296.00
34130,34149,1,72,1296.00
39479,39561,1,72,1296.00
48833,55948,1,72,1296.00
13042,13064,1,72,1296.00
15113,15134,1,72,1296.00
14369,14410,1,72,1296.00
30658,30686,1,72,1296.00
37197,37232,1,72,1296.00
34759,34798,1,72,1296.00
12119,12165,1,72,1296.00
32725,32759,1,72,1296.00
16073,16117,2,72,1296.00
17225,17264,1,72,1296.00
32887,32945,1,72,1296.00
17085,17097,2,72,1296.00
45301,45373,1,72,1296.00
17282,17351,1,72,1296.00
11715,11802,1,72,1296.00
34716,34754,1,72,1296.00
20794,20803,1,72,1296.00
20828,20909,1,72,1296.00
10354,10415,1,72,1296.00
1507,1528,1,72,1296.00
10350,10414,1,72,1296.00
70270,70348,1,72,1296.00
25297,25334,1,72,1296.00
68528,68547,1,72,1296.00
25669,25684,1,72,1296.00
48139,48195,1,72,1296.00
50654,50680,1,72,1296.00
55156,55167,1,72,1296.00
48595,48646,1,72,1296.00
28784,28829,1,72,1296.00
56202,56283,1,72,1296.00
70877,70943,1,72,1296.00
3690,3755,1,72,1296.00
3008,3020,1,72,1296.00
38400,38408,1,72,1296.00
38474,38509,1,72,1296.00
56949,56996,1,72,1296.00
32417,32485,1,72,1296.00
11379,11396,1,72,1296.00
52768,52818,1,72,1296.00
15402,15446,1,72,1296.00
21716,21726,1,72,1296.00
32719,32758,1,72,1296.00
17020,17055,1,72,1296.00
46177,46223,1,72,1296.00
67335,67358,1,72,1296.00
22662,22712,1,72,1296.00
67438,67475,1,72,1296.00
41761,41834,1,72,1296.00
67589,67618,1,72,1296.00
2986,3016,1,72,1296.00
59330,59381,1,72,1296.00
61599,61636,1,72,1296.00
39795,39832,1,72,1296.00
61457,61497,1,72,1296.00
10915,10956,1,72,1296.00
67667,67721,1,72,1296.00
15184,15216,1,72,1296.00
269,278,1,72,1296.00
21389,21440,1,72,1296.00
14164,14197,1,72,1296.00
34217,34231,1,72,1296.00
58045,58116,1,72,1296.00
35877,35902,1,72,1296.00
14943,14960,1,72,1296.00
41000,41035,1,72,1296.00
52024,52077,2,72,1296.00
68109,68146,1,72,1296.00
46708,46729,1,72,1296.00
61007,61060,1,72,1296.00
27867,27887,1,72,1296.00
40775,40788,1,72,1296.00
2195,2206,1,72,1296.00
15577,15591,1,72,1296.00
27016,27057,1,72,1296.00
25254,25330,1,72,1296.00
23363,23379,1,72,1296.00
67474,67604,1,72,1296.00
21140,21221,1,72,1296.00
55376,55392,1,72,1296.00
25167,25230,1,72,1296.00
23805,29887,1,72,1296.00
3627,3677,1,72,1296.00
24686,24729,1,72,1296.00
15055,15073,1,72,1296.00
54842,54900,1,72,1296.00
54925,55006,1,72,1296.00
62668,62681,1,72,1296.00
51080,51110,1,72,1296.00
4752,4790,1,72,1296.00
56280,56297,1,72,1296.00
5777,5842,1,72,1296.00
30732,30781,1,72,1296.00
60969,61056,1,72,1296.00
31939,31958,1,72,1296.00
11093,11116,1,72,1296.00
1689,1747,1,72,1296.00
31140,31160,1,72,1296.00
18639,18710,1,72,1296.00
71448,71508,1,72,1296.00
45213,45234,1,72,1296.00
31431,31484,1,72,1296.00
43166,43200,1,72,1296.00
65237,65278,1,72,1296.00
27375,27408,1,72,1296.00
2873,2895,1,72,1296.00
13475,13512,1,72,1296.00
70630,70718,1,72,1296.00
58177,58211,1,72,1296.00
72420,72463,1,72,1296.00
55843,65963,1,72,1296.00
12881,12944,1,72,1296.00
33631,33658,1,72,1296.00
41372,41428,1,72,1296.00
14561,14568,1,72,1296.00
71864,71899,1,72,1296.00
35600,35607,1,72,1296.00
64268,64374,1,72,1296.00
73361,73392,1,72,1296.00
922,957,1,72,1296.00
26069,26095,1,72,1296.00
66955,66984,1,72,1296.00
24237,24247,1,72,1296.00
71171,71210,1,72,1296.00
921,956,1,72,1296.00
2113,2130,1,72,1296.00
49281,49290,1,72,1296.00
13343,13365,1,72,1296.00
34802,34896,1,72,1296.00
34762,34799,1,72,1296.00
19731,19773,1,72,1296.00
50566,50625,1,72,1296.00
52441,52523,1,72,1296.00
47038,47072,1,72,1296.00
64374,72930,1,72,1296.00
63907,63965,1,72,1296.00
13458,13462,1,72,1296.00
43632,43659,1,72,1296.00
55970,56065,1,72,1296.00
56892,56986,1,72,1296.00
28816,28834,1,72,1296.00
15248,15276,1,72,1296.00
27099,27147,1,72,1296.00
11823,11863,1,72,1296.00
3876,3924,1,72,1296.00
61917,61933,1,72,1296.00
42914,42924,1,72,1296.00
47613,47705,1,72,1296.00
47669,47715,1,72,1296.00
26524,26561,1,72,1296.00
49175,49204,1,72,1296.00
30161,30209,1,72,1296.00
38934,38945,1,72,1296.00
39261,39310,1,72,1296.00
60074,60134,1,72,1296.00
48849,48919,1,72,1296.00
13382,13434,1,72,1296.00
30602,30633,1,72,1296.00
64630,64656,1,72,1296.00
48881,48922,1,72,1296.00
10533,10590,1,72,1296.00
64001,64014,1,72,1296.00
13330,13361,1,72,1296.00
32010,32073,1,72,1296.00
7559,7591,1,72,1296.00
9108,9119,1,72,1296.00
43635,43661,1,72,1296.00
16010,16035,1,72,1296.00
73194,73277,1,72,1296.00
67048,67075,1,72,1296.00
36898,36986,1,72,1296.00
59754,59768,1,72,1296.00
49981,49998,1,72,1296.00
10869,10911,1,72,1296.00
48618,48652,1,72,1296.00
65558,65577,1,72,1296.00
59656,59675,1,72,1296.00
35364,35383,1,72,1296.00
45451,45475,1,72,1296.00
15262,15278,1,72,1296.00
44330,44345,1,72,1296.00
42148,42200,1,72,1296.00
15540,15555,1,72,1296.00
70565,70602,1,72,1296.00
11861,11865,1,72,1296.00
13501,13517,1,72,1296.00
16954,16974,1,72,1296.00
54307,54330,1,72,1296.00
3433,3436,1,72,1296.00
67325,67355,1,72,1296.00
18257,18371,1,72,1296.00
23277,23283,1,72,1296.00
18469,18495,1,72,1296.00
8761,8798,1,72,1296.00
71332,71398,1,72,1296.00
34806,34898,1,72,1296.00
12906,12945,1,72,1296.00
53830,53920,1,72,1296.00
20969,20982,1,72,1296.00
56902,56989,1,72,1296.00
27367,27404,1,72,1296.00
57511,57551,1,72,1296.00
48619,48653,1,72,1296.00
33866,33884,1,72,1296.00
32929,32949,1,72,1296.00
72248,72275,1,72,1296.00
53059,53123,1,72,1296.00
28408,28459,1,72,1296.00
72165,72173,1,72,1296.00
72134,72171,1,72,1296.00
33500,33511,1,72,1296.00
33084,35776,1,72,1296.00
9472,9516,1,72,1296.00
58667,58696,1,72,1296.00
46912,46957,1,72,1296.00
63594,63620,1,72,1296.00
31609,31623,1,72,1296.00
21469,21548,1,72,1296.00
46203,46225,1,72,1296.00
65296,65358,1,72,1296.00
7570,7593,1,72,1296.00
30745,30785,1,72,1296.00
33383,33433,1,72,1296.00
32389,32410,1,72,1296.00
51751,51825,1,72,1296.00
54790,54805,1,72,1296.00
32661,32681,1,72,1296.00
48807,48832,1,72,1296.00
18998,19061,1,72,1296.00
34423,34458,1,72,1296.00
19101,19133,1,72,1296.00
31165,31249,1,72,1296.00
4276,4306,1,72,1296.00
20128,20155,1,72,1296.00
61020,61061,1,72,1296.00
21540,21557,1,72,1296.00
58065,58119,1,72,1296.00
36062,36141,1,72,1296.00
2323,2355,1,72,1296.00
21640,21663,1,72,1296.00
26893,26948,1,72,1296.00
37109,37141,1,72,1296.00
73408,73426,1,72,1296.00
37387,37417,1,72,1296.00
39287,39313,1,72,1296.00
68201,68213,1,72,1296.00
1457,1522,1,72,1296.00
58197,58212,1,72,1296.00
45712,45763,1,72,1296.00
58274,58360,1,72,1296.00
51770,51829,1,72,1296.00
989,1036,1,72,1296.00
29091,29102,1,72,1296.00
53941,53964,1,72,1296.00
59538,59587,1,72,1296.00
1301,1343,1,72,1296.00
39556,39571,1,72,1296.00
24370,24435,1,72,1296.00
5778,5843,1,72,1296.00
62062,62109,1,72,1296.00
40156,40214,1,72,1296.00
35249,35289,1,72,1296.00
70701,70723,1,72,1296.00
53775,53816,1,72,1296.00
64194,64252,1,72,1296.00
15044,15070,1,72,1296.00
21989,22009,1,72,1296.00
35295,35329,1,72,1296.00
62811,62837,1,72,1296.00
62190,62270,1,72,1296.00
30227,30249,1,72,1296.00
2921,2931,1,72,1296.00
63005,63051,1,72,1296.00
34072,34098,1,72,1296.00
60052,60131,1,72,1296.00
21237,21249,1,72,1296.00
50127,50155,1,72,1296.00
11928,11979,1,72,1296.00
33419,33436,1,72,1296.00
42537,42639,1,72,1296.00
21278,21305,1,72,1296.00
54447,54516,1,72,1296.00
57683,57775,1,72,1296.00
1202,1221,1,72,1296.00
10932,10957,1,72,1296.00
54448,54517,1,72,1296.00
11292,11316,1,72,1296.00
54079,54114,1,72,1296.00
10583,10598,1,72,1296.00
54052,54113,1,72,1296.00
51197,51215,1,72,1296.00
53046,53121,1,72,1296.00
53297,53327,1,72,1296.00
60514,60542,1,72,1296.00
45515,45552,1,72,1296.00
33117,33127,1,72,1296.00
38874,38939,1,72,1296.00
45165,45176,1,72,1296.00
44581,44598,1,72,1296.00
6217,6241,1,72,1296.00
40326,40348,1,72,1296.00
57490,57547,1,72,1296.00
41682,41719,1,72,1296.00
22057,22096,1,72,1296.00
5381,5404,1,72,1296.00
67652,67719,1,72,1296.00
34459,34494,1,72,1296.00
9339,9377,1,72,1296.00
32698,32755,1,72,1296.00
1779,1786,1,72,1296.00
9854,9902,1,72,1296.00
21412,21445,1,72,1296.00
10332,10411,1,72,1296.00
66750,66822,1,72,1296.00
20615,20671,1,72,1296.00
4734,4789,1,72,1296.00
30640,30683,1,72,1296.00
12130,12167,1,72,1296.00
45062,45085,1,72,1296.00
12158,12170,1,72,1296.00
20363,20384,1,72,1296.00
7070,7087,1,72,1296.00
39015,39028,1,72,1296.00
18435,18456,1,72,1296.00
70575,70603,1,72,1296.00
18788,18839,1,72,1296.00
18961,18984,1,72,1296.00
18235,18259,1,72,1296.00
16342,16371,1,72,1296.00
40778,40789,1,72,1296.00
40013,40043,1,72,1296.00
27276,27296,1,72,1296.00
35814,35835,1,72,1296.00
39800,39835,1,72,1296.00
27222,27287,1,72,1296.00
41041,41422,1,72,1296.00
26982,27049,1,72,1296.00
14389,14414,1,72,1296.00
62341,62351,1,72,1296.00
47351,47354,1,72,1296.00
38130,38220,1,72,1296.00
20456,20501,1,72,1296.00
39691,39731,1,72,1296.00
38675,38698,1,72,1296.00
69895,69940,1,72,1296.00
21602,21609,1,72,1296.00
21426,21446,1,72,1296.00
44544,44561,1,72,1296.00
44953,44958,1,72,1296.00
24171,24244,1,72,1296.00
43936,43973,1,72,1296.00
32960,33036,1,72,1296.00
10751,10782,1,72,1296.00
26670,26749,1,72,1296.00
13071,13094,1,72,1296.00
9910,9980,1,72,1296.00
9897,9906,1,72,1296.00
7320,7335,1,72,1296.00
6771,6941,1,72,1296.00
5889,5901,1,72,1296.00
34536,34548,1,72,1296.00
35858,35898,1,72,1296.00
32270,32363,1,72,1296.00
2224,2273,1,72,1296.00
1350,1380,1,72,1296.00
21517,21554,1,72,1296.00
57412,57453,1,72,1296.00
33026,33045,1,72,1296.00
468,513,1,72,1296.00
22051,22092,1,72,1296.00
73187,73275,1,72,1296.00
61831,61871,1,72,1296.00
67638,67714,1,72,1296.00
5287,5308,1,72,1296.00
8148,8172,1,72,1296.00
63236,63274,1,72,1296.00
63571,63591,1,72,1296.00
63513,63520,1,72,1296.00
62898,62909,1,72,1296.00
11390,11397,1,72,1296.00
60315,60365,1,72,1296.00
60088,60138,1,72,1296.00
62721,62757,1,72,1296.00
49880,49929,1,72,1296.00
59096,59118,1,72,1296.00
53263,53321,1,72,1296.00
54812,54898,1,72,1296.00
67547,67612,1,72,1296.00
20931,20980,1,72,1296.00
22502,22550,1,72,1296.00
45378,45438,1,72,1296.00
35955,35980,1,72,1296.00
26009,26019,1,72,1296.00
25362,25418,1,72,1296.00
285,321,1,72,1296.00
35232,35248,1,72,1296.00
26171,26188,1,72,1296.00
1695,1748,1,72,1296.00
35952,35978,1,72,1296.00
2013,2055,1,72,1296.00
27207,27285,1,72,1296.00
2581,2597,1,72,1296.00
46405,46471,1,72,1296.00
7041,7084,1,72,1296.00
28021,28101,1,72,1296.00
69509,69581,1,72,1296.00
69461,69483,1,72,1296.00
60420,60460,1,72,1296.00
11963,11983,1,72,1296.00
30634,31119,1,72,1296.00
30807,30879,1,72,1296.00
34878,34907,1,72,1296.00
24240,24248,1,72,1296.00
59670,68204,1,72,1296.00
655,666,1,72,1296.00
8965,9034,1,72,1296.00
3389,3437,1,72,1296.00
38420,38499,1,72,1296.00
9146,9187,1,72,1296.00
21768,21784,1,72,1296.00
42107,42194,1,72,1296.00
11365,11395,1,72,1296.00
70512,70557,1,72,1296.00
50020,50092,1,72,1296.00
70752,70815,1,72,1296.00
70834,70863,1,72,1296.00
10049,10085,1,72,1296.00
7951,7990,1,72,1296.00
44436,44491,1,72,1296.00
14416,14502,1,72,1296.00
5487,5495,1,72,1296.00
64135,64164,1,72,1296.00
49428,49451,1,72,1296.00
19146,19179,1,72,1296.00
44043,44136,1,72,1296.00
3761,3794,1,72,1296.00
33899,33925,1,72,1296.00
62950,62987,1,72,1296.00
17669,17854,1,72,1296.00
30142,30205,1,72,1296.00
69137,69164,1,72,1296.00
47882,47921,1,72,1296.00
702,767,1,72,1296.00
47950,48001,1,72,1296.00
56221,56289,1,72,1296.00
2359,2452,1,72,1296.00
54460,54518,2,56,1288.00
34828,34899,1,40,1280.00
25694,25757,1,40,1280.00
12284,12307,1,40,1280.00
62415,62465,1,40,1280.00
22375,22393,1,40,1280.00
5735,5766,1,40,1280.00
42351,42362,1,40,1280.00
10574,10595,1,40,1280.00
51721,51744,1,40,1280.00
118,148,1,40,1280.00
28633,28662,1,40,1280.00
54480,54521,1,40,1280.00
54600,54778,1,40,1280.00
30398,30423,1,40,1280.00
23392,23477,1,40,1280.00
45477,45548,1,40,1280.00
39981,39993,1,40,1280.00
31733,31752,1,40,1280.00
16391,16403,1,40,1280.00
38772,38857,1,40,1280.00
37813,37835,1,40,1280.00
27238,27289,1,40,1280.00
57500,57549,1,40,1280.00
12787,12805,1,40,1280.00
32079,32142,1,40,1280.00
44405,44413,1,40,1280.00
18043,18063,1,40,1280.00
33048,33082,1,40,1280.00
10160,10236,1,40,1280.00
10114,10145,1,40,1280.00
41065,41110,1,40,1280.00
13145,13192,1,40,1280.00
51190,51214,1,40,1280.00
24059,24098,1,40,1280.00
40053,40133,1,40,1280.00
16748,16782,1,40,1280.00
22875,22892,1,40,1280.00
25918,25931,1,40,1280.00
36366,36427,1,40,1280.00
64856,64877,1,40,1280.00
50486,50520,1,40,1280.00
34399,34453,1,40,1280.00
29406,29458,1,40,1280.00
72928,72943,1,40,1280.00
31993,32072,1,40,1280.00
41526,41531,1,40,1280.00
51157,51210,1,40,1280.00
21825,21861,1,40,1280.00
16234,16269,1,40,1280.00
12389,12413,1,40,1280.00
14926,14957,1,40,1280.00
29774,29797,1,40,1280.00
11730,11803,1,40,1280.00
47867,47919,1,40,1280.00
22036,22090,1,40,1280.00
27760,27775,1,40,1280.00
47467,47534,1,40,1280.00
38451,38504,1,40,1280.00
28650,28664,1,40,1280.00
53208,53228,1,40,1280.00
18928,18981,1,40,1280.00
22484,22548,1,40,1280.00
14248,14316,1,40,1280.00
20860,20914,1,40,1280.00
66470,66499,1,40,1280.00
70647,70721,1,40,1280.00
67566,67615,1,40,1280.00
30844,30886,1,40,1280.00
28167,28239,1,40,1280.00
57283,57335,1,40,1280.00
36479,36503,1,40,1280.00
33301,33315,1,40,1280.00
3207,3244,1,40,1280.00
4797,4880,1,40,1280.00
11706,11712,1,40,1280.00
18536,18553,1,40,1280.00
14526,14564,1,40,1280.00
19078,19132,1,40,1280.00
33745,33770,1,40,1280.00
17232,17266,1,40,1280.00
27713,27768,1,40,1280.00
20072,20113,1,40,1280.00
6375,6386,1,40,1280.00
15759,15776,1,40,1280.00
24029,24051,1,40,1280.00
11561,11589,1,40,1280.00
16076,16118,1,40,1280.00
191,229,1,5,1200.00
239,272,1,40,1200.00
298,323,1,288,1180.80
73244,73279,2,318,1146.60
101,139,2,54,1128.00
64491,64505,1,60,1080.00
20844,20910,1,60,1080.00
64646,64660,1,60,1080.00
4952,4962,1,60,1080.00
49036,49065,1,60,1080.00
22833,22887,1,60,1080.00
34111,34146,1,60,1080.00
21739,21781,1,60,1080.00
51798,51832,1,60,1080.00
15036,15069,1,60,1080.00
55081,55102,1,60,1080.00
18647,18712,1,60,1080.00
48198,56061,1,60,1080.00
72448,72465,1,60,1080.00
55694,55712,1,60,1080.00
57423,57454,1,60,1080.00
49421,49448,1,60,1080.00
13813,13898,1,60,1080.00
37041,37088,1,60,1080.00
31043,31120,1,60,1080.00
33075,33084,1,60,1080.00
60471,60538,1,60,1080.00
9824,9841,1,60,1080.00
9436,9511,1,60,1080.00
32248,32268,1,60,1080.00
47347,47352,1,60,1080.00
68039,68058,1,60,1080.00
25523,25573,1,60,1080.00
68167,68207,1,60,1080.00
45394,45439,1,60,1080.00
45295,45370,1,60,1080.00
41149,41176,1,60,1080.00
7381,7399,1,60,1080.00
3773,3797,1,60,1080.00
44313,44341,1,60,1080.00
52329,52383,1,60,1080.00
61168,61208,1,60,1080.00
31624,31747,1,60,1080.00
44000,44028,1,60,1080.00
43704,43773,1,60,1080.00
56064,56621,1,60,1080.00
33149,33171,1,60,1080.00
63690,63703,1,60,1080.00
50923,50976,1,60,1080.00
2264,2265,1,60,1080.00
19937,20014,1,60,1080.00
47672,47716,1,60,1080.00
19194,19266,1,60,1080.00
49186,49205,1,60,1080.00
52866,52887,1,60,1080.00
8592,8615,1,60,1080.00
35189,35240,1,60,1080.00
21403,21442,1,60,1080.00
32579,32614,1,60,1080.00
61069,61108,1,60,1080.00
37279,37318,1,60,1080.00
12690,12715,1,60,1080.00
4963,5006,1,60,1080.00
30049,30114,1,60,1080.00
62764,62798,1,60,1080.00
47144,47175,1,60,1080.00
73287,73378,1,60,1080.00
68071,68145,1,60,1080.00
7171,7204,1,60,1080.00
6597,6670,1,60,1080.00
58454,58553,1,60,1080.00
17909,17963,1,60,1080.00
46055,46095,1,60,1080.00
62233,62273,1,60,1080.00
16097,16121,1,60,1080.00
62843,62901,1,60,1080.00
14586,14621,1,60,1080.00
55526,55580,1,60,1080.00
42501,42527,1,60,1080.00
17337,17356,1,60,1080.00
27360,27403,1,60,1080.00
41541,41552,1,60,1080.00
64054,64066,1,60,1080.00
50601,50631,1,60,1080.00
19756,19776,1,60,1080.00
44533,44559,1,60,1080.00
69530,69583,1,60,1080.00
37226,37238,1,60,1080.00
37655,37676,1,60,1080.00
55891,55954,1,60,1080.00
65810,65852,1,60,1080.00
38566,38602,1,60,1080.00
49156,49199,1,60,1080.00
24747,24802,1,60,1080.00
35065,35117,1,60,1080.00
73256,73282,1,60,1080.00
45939,45976,1,60,1080.00
34963,35012,1,60,1080.00
29803,29841,1,60,1080.00
38207,38228,1,60,1080.00
6779,6830,1,60,1080.00
62155,62162,1,60,1080.00
3379,3439,1,60,1080.00
4111,4158,1,60,1080.00
52422,52522,1,60,1080.00
70208,70247,1,60,1080.00
13229,13263,1,60,1080.00
60842,60908,1,60,1080.00
11058,11108,1,60,1080.00
17785,17803,1,60,1080.00
17441,17452,1,60,1080.00
46276,46329,1,60,1080.00
46406,46472,1,60,1080.00
61070,61109,1,60,1080.00
72299,72351,1,60,1080.00
54947,55009,1,60,1080.00
13886,13907,1,60,1080.00
59752,59767,1,60,1080.00
71886,71901,1,60,1080.00
50904,50972,1,60,1080.00
64050,64065,1,60,1080.00
38826,38866,1,60,1080.00
27659,27686,1,60,1080.00
9012,9037,1,60,1080.00
46524,46561,1,60,1080.00
43605,43625,1,60,1080.00
10768,10783,1,60,1080.00
11901,11918,1,60,1080.00
55832,55849,1,60,1080.00
56184,56200,1,60,1080.00
60418,60459,1,60,1080.00
12747,12801,1,60,1080.00
60553,60589,1,60,1080.00
4859,4887,1,60,1080.00
13833,13901,1,60,1080.00
36484,36504,1,60,1080.00
51904,51951,1,60,1080.00
13548,13609,1,60,1080.00
17521,17577,1,60,1080.00
18706,18718,1,60,1080.00
2194,2205,1,60,1080.00
65334,65365,1,60,1080.00
43726,43776,1,60,1080.00
23075,23106,1,60,1080.00
22027,22033,1,60,1080.00
43073,43090,1,60,1080.00
72876,72936,1,60,1080.00
1246,1265,1,60,1080.00
43322,43368,1,60,1080.00
17181,17194,1,60,1080.00
21301,21309,1,60,1080.00
22877,22893,1,60,1080.00
32386,32409,1,60,1080.00
3490,3525,1,60,1080.00
21702,21724,1,60,1080.00
46574,46628,1,60,1080.00
4016,4089,1,60,1080.00
46756,46823,1,60,1080.00
46975,47068,1,60,1080.00
24601,24645,1,60,1080.00
70058,70102,1,60,1080.00
23859,23872,1,60,1080.00
65413,65454,1,60,1080.00
25347,25415,1,60,1080.00
31916,31953,1,60,1080.00
31934,31957,1,60,1080.00
32157,32186,1,60,1080.00
62960,62989,1,60,1080.00
62485,62574,1,60,1080.00
26250,26266,1,60,1080.00
41118,41173,1,60,1080.00
60320,60367,1,60,1080.00
7176,7206,1,60,1080.00
38785,38860,1,60,1080.00
29122,29168,1,60,1080.00
33833,33857,1,60,1080.00
5448,5492,1,60,1080.00
66894,66908,1,60,1080.00
59555,59590,1,60,1080.00
58833,58891,1,60,1080.00
11415,11483,1,60,1080.00
10620,10685,1,60,1080.00
5262,5271,1,60,1080.00
59255,59265,1,60,1080.00
60157,60176,1,60,1080.00
57653,57668,1,60,1080.00
13259,13268,1,60,1080.00
14575,14620,1,60,1080.00
27786,27875,1,60,1080.00
12136,12168,1,60,1080.00
27266,27292,1,60,1080.00
47436,47530,1,60,1080.00
8512,8549,1,60,1080.00
42004,42088,1,60,1080.00
8479,8546,1,60,1080.00
8916,8943,1,60,1080.00
44239,44247,1,60,1080.00
34507,34545,1,60,1080.00
39575,39626,1,60,1080.00
10866,10910,1,60,1080.00
28301,28350,1,60,1080.00
9008,9036,1,60,1080.00
39967,39988,1,60,1080.00
70627,70717,1,60,1080.00
41901,41911,1,60,1080.00
12126,12166,1,60,1080.00
28964,28969,1,60,1080.00
20392,20429,1,60,1080.00
7073,7088,1,60,1080.00
70507,70556,1,60,1080.00
37202,37233,1,60,1080.00
50242,50259,1,60,1080.00
9017,9038,1,60,1080.00
62961,62990,1,60,1080.00
68872,68917,1,60,1080.00
69015,69040,1,60,1080.00
41966,41994,1,60,1080.00
63550,63585,1,60,1080.00
4114,4160,1,60,1080.00
15800,15814,1,60,1080.00
23358,23378,1,60,1080.00
3959,4004,1,60,1080.00
21916,21965,1,60,1080.00
58070,58120,1,60,1080.00
66325,66346,1,60,1080.00
67140,67159,1,60,1080.00
30804,30878,1,60,1080.00
70029,70047,1,60,1080.00
70476,70551,1,60,1080.00
44119,44150,1,60,1080.00
63028,63054,1,60,1080.00
11034,11103,1,60,1080.00
71443,71506,1,60,1080.00
12103,12162,1,60,1080.00
32443,32489,1,60,1080.00
8194,8260,1,60,1080.00
70420,70457,1,60,1080.00
55713,55775,1,60,1080.00
8602,8616,1,60,1080.00
11182,11194,1,60,1080.00
12459,12534,1,60,1080.00
59068,59114,1,60,1080.00
61518,61529,1,60,1080.00
7090,7141,1,60,1080.00
13333,13363,1,60,1080.00
17166,17192,1,60,1080.00
50085,50102,1,60,1080.00
64894,64928,1,60,1080.00
55344,55387,1,60,1080.00
57815,57826,1,60,1080.00
32207,32263,1,60,1080.00
26048,26092,1,60,1080.00
4291,4309,1,60,1080.00
42306,42355,1,60,1080.00
3943,4003,1,60,1080.00
15328,15369,1,60,1080.00
55661,55709,1,60,1080.00
36370,36428,1,60,1080.00
2923,2932,1,60,1080.00
37081,37094,1,60,1080.00
37274,37316,1,60,1080.00
26486,26557,1,60,1080.00
19629,19680,1,60,1080.00
3232,3246,1,60,1080.00
14546,14566,1,60,1080.00
44423,44490,1,60,1080.00
156,211,1,60,1080.00
50735,50764,1,60,1080.00
35512,35549,1,60,1080.00
37828,37838,1,60,1080.00
16104,16122,1,60,1080.00
72690,72715,1,60,1080.00
5470,5494,1,60,1080.00
48165,48197,1,60,1080.00
17249,17270,1,60,1080.00
20731,21859,1,60,1080.00
12376,12411,1,60,1080.00
19340,19350,1,60,1080.00
29977,30005,1,60,1080.00
66821,66831,1,60,1080.00
33682,33759,1,60,1080.00
34138,34151,1,60,1080.00
2012,2058,1,60,1080.00
26458,26468,1,60,1080.00
10581,10596,1,60,1080.00
34892,34912,1,60,1080.00
39859,39940,1,60,1080.00
55269,55275,1,60,1080.00
37943,37964,1,60,1080.00
14077,14155,1,60,1080.00
69899,69941,1,60,1080.00
35363,35382,1,60,1080.00
55084,55104,1,60,1080.00
71979,72005,1,60,1080.00
63752,63809,1,60,1080.00
8023,9611,1,60,1080.00
7573,7594,1,60,1080.00
11066,11112,1,60,1080.00
16715,16734,1,60,1080.00
54274,54324,1,60,1080.00
37250,37314,1,60,1080.00
9245,9278,1,60,1080.00
34112,34147,1,60,1080.00
31787,31844,1,60,1080.00
71114,71203,1,60,1080.00
28477,28499,1,60,1080.00
52730,52816,1,60,1080.00
8450,8466,1,60,1080.00
37216,37235,1,60,1080.00
50907,50973,1,60,1080.00
62813,62838,1,60,1080.00
63429,63471,1,60,1080.00
26100,26178,1,60,1080.00
944,958,1,60,1080.00
40978,41032,1,60,1080.00
28584,28657,1,60,1080.00
16033,16041,1,60,1080.00
6969,7024,1,60,1080.00
65920,65965,1,60,1080.00
23999,24046,1,60,1080.00
61316,61381,1,60,1080.00
6658,6678,1,60,1080.00
62373,62385,1,60,1080.00
70503,70555,1,60,1080.00
1351,1381,1,60,1080.00
16975,17048,1,60,1080.00
58577,58611,1,60,1080.00
18978,18986,1,60,1080.00
24987,25006,1,60,1080.00
3316,3324,1,60,1080.00
38575,38603,1,60,1080.00
60105,60141,1,60,1080.00
65508,65572,1,60,1080.00
24004,24048,1,60,1080.00
5599,5643,1,60,1080.00
50640,50677,1,60,1080.00
14992,15016,1,60,1080.00
70531,70558,1,60,1080.00
4696,4706,1,60,1080.00
58528,58560,1,60,1080.00
64507,64587,1,60,1080.00
47784,47798,1,60,1080.00
26900,26950,1,60,1080.00
28223,28247,1,60,1080.00
2887,2897,1,60,1080.00
45039,45082,1,60,1080.00
46680,46725,1,60,1080.00
11873,11915,1,60,1080.00
13940,13973,1,60,1080.00
19957,20016,1,60,1080.00
35027,35052,1,60,1080.00
48203,48300,1,60,1080.00
27267,27293,1,60,1080.00
11310,11319,1,60,1080.00
42349,42361,1,60,1080.00
41519,41530,1,60,1080.00
35105,35122,1,60,1080.00
64861,64880,1,60,1080.00
28872,28931,1,60,1080.00
62128,62158,1,60,1080.00
38178,38225,1,60,1080.00
14854,14876,1,60,1080.00
61949,61954,1,60,1080.00
22777,22808,1,60,1080.00
1156,1218,1,60,1080.00
46835,46881,1,60,1080.00
1259,1266,1,60,1080.00
60846,60910,1,60,1080.00
24390,24437,1,60,1080.00
22459,22469,1,60,1080.00
47385,47425,1,60,1080.00
24039,24053,1,60,1080.00
24091,24103,2,60,1080.00
59810,59853,1,60,1080.00
53544,53584,1,60,1080.00
62624,62675,1,60,1080.00
14929,14958,1,60,1080.00
40328,40349,1,60,1080.00
15427,15449,1,60,1080.00
13273,13354,1,60,1080.00
57731,57779,1,60,1080.00
43007,43018,1,60,1080.00
42078,42096,1,60,1080.00
55655,55708,1,60,1080.00
44074,44141,1,60,1080.00
8323,8349,1,60,1080.00
26170,26187,1,60,1080.00
68313,68337,1,60,1080.00
63299,63372,1,60,1080.00
70496,70554,1,60,1080.00
20681,20731,1,60,1080.00
22559,22634,1,60,1080.00
56049,56077,1,60,1080.00
29378,29453,1,60,1080.00
6556,6585,1,60,1080.00
17961,18185,1,60,1080.00
10336,10412,1,60,1080.00
10551,10593,1,60,1080.00
67919,67972,1,60,1080.00
11929,11980,1,60,1080.00
4785,4795,1,60,1080.00
34685,34751,1,60,1080.00
66891,66907,1,60,1080.00
71616,71667,1,60,1080.00
61416,61492,1,60,1080.00
17889,17960,1,60,1080.00
18808,18843,1,60,1080.00
9697,9757,1,60,1080.00
9371,9754,1,60,1080.00
45642,45667,1,60,1080.00
22686,22714,1,60,1080.00
37241,37312,1,60,1080.00
23114,23170,1,60,1080.00
63287,63371,1,60,1080.00
15366,15370,1,60,1080.00
38230,38268,1,60,1080.00
22154,22179,1,60,1080.00
38422,38500,1,60,1080.00
37608,37674,1,60,1080.00
60164,60177,1,60,1080.00
35599,35606,1,60,1080.00
17031,17058,1,60,1080.00
42657,42704,1,60,1080.00
62148,62161,1,60,1080.00
55018,55095,1,60,1080.00
50290,50327,1,60,1080.00
64265,64373,1,60,1080.00
15467,15492,1,60,1080.00
35829,35838,1,60,1080.00
72997,73022,1,60,1080.00
41095,41114,1,60,1080.00
34352,34381,1,60,1080.00
73402,73424,1,60,1080.00
4944,4958,1,60,1080.00
24810,24858,1,60,1080.00
64758,64798,1,60,1080.00
17888,17959,1,60,1080.00
68187,68211,1,60,1080.00
64941,65028,1,60,1080.00
35906,35973,1,60,1080.00
18637,18709,1,60,1080.00
9606,9619,1,60,1080.00
19615,19676,1,60,1080.00
19172,19181,1,60,1080.00
106,141,1,60,1080.00
57269,57334,1,60,1080.00
40,75,1,60,1080.00
12990,12997,1,60,1080.00
43400,43432,1,60,1080.00
54311,54331,1,60,1080.00
54239,54320,1,60,1080.00
33012,33042,1,60,1080.00
11223,11261,1,60,1080.00
33428,33437,1,60,1080.00
66173,66196,1,60,1080.00
6727,6770,1,60,1080.00
64855,64876,1,60,1080.00
53157,53218,1,60,1080.00
56881,56984,1,60,1080.00
16710,16733,1,60,1080.00
52946,53013,1,60,1080.00
42945,43011,1,60,1080.00
50945,50977,1,60,1080.00
66242,66249,1,60,1080.00
51704,51742,1,60,1080.00
9784,9837,1,60,1080.00
55827,55846,1,60,1080.00
65659,65680,1,60,1080.00
3598,3674,1,60,1080.00
52080,52706,1,60,1080.00
45932,45974,1,60,1080.00
30056,30115,1,60,1080.00
30977,30985,1,60,1080.00
70169,70204,1,60,1080.00
36122,36147,1,60,1080.00
29333,29353,1,60,1080.00
11039,11104,1,60,1080.00
22343,22389,1,60,1080.00
21405,21443,1,60,1080.00
33912,33926,1,60,1080.00
43957,43976,1,60,1080.00
33839,33859,1,60,1080.00
13817,13900,1,60,1080.00
70435,70458,1,60,1080.00
29740,29790,1,60,1080.00
43754,43779,1,60,1080.00
4928,4960,1,60,1080.00
6701,6767,1,60,1080.00
41986,41996,1,60,1080.00
16145,16193,1,60,1080.00
43022,43086,1,60,1080.00
22846,22888,1,60,1080.00
8955,9032,1,60,1080.00
29866,29891,1,60,1080.00
64574,64598,1,60,1080.00
5054,5091,1,60,1080.00
32336,32373,1,60,1080.00
21781,22707,1,60,1080.00
67902,67917,1,60,1080.00
25685,25755,1,60,1080.00
20421,20434,1,60,1080.00
5327,5405,1,60,1080.00
21453,21546,1,60,1080.00
38287,38357,1,60,1080.00
19609,19674,1,60,1080.00
34032,34093,1,60,1080.00
51692,51739,1,60,1080.00
67597,67620,1,60,1080.00
13247,13266,1,60,1080.00
20782,20802,1,60,1080.00
71263,71280,1,60,1080.00
37278,37317,1,60,1080.00
63399,63465,1,60,1080.00
25121,25153,1,60,1080.00
13705,13732,1,60,1080.00
6548,6584,1,60,1080.00
35225,35247,1,60,1080.00
29511,29564,1,60,1080.00
56541,56624,1,60,1080.00
19885,19916,1,60,1080.00
11499,11551,1,60,1080.00
11621,11658,1,60,1080.00
19617,19677,1,60,1080.00
41683,41720,1,60,1080.00
33438,33505,1,60,1080.00
19028,19064,1,60,1080.00
13972,14056,1,60,1080.00
60079,60135,1,60,1080.00
30673,30688,1,60,1080.00
45310,45374,1,60,1080.00
25018,25034,1,60,1080.00
30231,30250,1,60,1080.00
23654,23694,1,60,1080.00
7328,7337,1,60,1080.00
42279,42352,1,60,1080.00
49649,49658,1,60,1080.00
25083,25108,1,60,1080.00
17029,17056,1,60,1080.00
57638,57666,1,60,1080.00
66573,66609,1,60,1080.00
40410,40465,1,60,1080.00
16025,16039,1,60,1080.00
14177,14199,1,60,1080.00
55558,55582,1,60,1080.00
28965,29166,1,60,1080.00
8765,8799,1,60,1080.00
9468,9515,1,60,1080.00
28690,28738,1,60,1080.00
45488,45549,1,60,1080.00
67956,67977,1,60,1080.00
31164,31248,1,60,1080.00
71943,72000,1,60,1080.00
12187,12210,1,60,1080.00
33380,33432,1,60,1080.00
562,591,1,60,1080.00
46011,46051,1,60,1080.00
54281,54325,1,60,1080.00
69504,69579,1,60,1080.00
67449,67477,1,60,1080.00
33047,33081,1,60,1080.00
67501,67606,1,60,1080.00
6747,6772,1,60,1080.00
40962,40976,1,60,1080.00
57691,57777,1,60,1080.00
35264,35292,1,60,1080.00
45268,45277,1,60,1080.00
24241,24432,1,60,1080.00
786,862,1,60,1080.00
9739,9759,1,60,1080.00
4137,4162,1,60,1080.00
4085,4098,1,60,1080.00
47145,47176,1,60,1080.00
50782,50865,1,60,1080.00
73165,73171,1,60,1080.00
42565,42642,1,60,1080.00
72506,72517,1,60,1080.00
22236,22298,1,60,1080.00
8932,8944,1,60,1080.00
48188,48199,1,60,1080.00
38724,38757,1,60,1080.00
42558,42641,1,60,1080.00
54242,54322,1,60,1080.00
16300,16322,1,60,1080.00
16042,16112,1,60,1080.00
16987,17050,1,60,1080.00
63896,63961,1,60,1080.00
52975,53017,1,60,1080.00
68741,68797,1,60,1080.00
53486,53519,1,60,1080.00
72286,72349,1,60,1080.00
14379,14412,1,60,1080.00
20480,20506,1,60,1080.00
35704,35716,1,60,1080.00
65139,65166,1,60,1080.00
34368,34383,1,60,1080.00
68202,68214,1,60,1080.00
69097,69155,1,60,1080.00
30540,30544,1,60,1080.00
5205,5233,1,60,1080.00
62924,62984,1,60,1080.00
68046,68060,1,60,1080.00
5504,5551,1,60,1080.00
7787,7816,1,60,1080.00
59071,59116,1,60,1080.00
19260,19271,1,60,1080.00
7807,7818,1,60,1080.00
25391,25422,1,60,1080.00
60318,60366,1,60,1080.00
25879,25924,1,60,1080.00
18120,18129,1,60,1080.00
11349,11355,1,60,1080.00
64391,64498,1,60,1080.00
40996,41034,1,60,1080.00
15823,15894,1,60,1080.00
30320,30336,2,98,1039.00
203,232,3,347,1036.80
64264,64372,1,120,1026.00
50158,50246,1,30,960.00
15717,15771,1,30,960.00
19894,19918,1,30,960.00
34267,34281,1,30,960.00
11079,11115,1,30,960.00
6719,6769,1,30,960.00
64950,65029,1,30,960.00
54711,54738,1,30,960.00
67649,67718,1,30,960.00
25513,25571,1,30,960.00
29990,30008,1,30,960.00
15746,15773,1,30,960.00
25051,25103,1,30,960.00
14751,14797,1,30,960.00
26914,26954,1,30,960.00
32478,32492,1,30,960.00
53569,53589,1,30,960.00
32824,32861,1,30,960.00
70754,70816,1,30,960.00
13098,13128,1,30,960.00
54977,55012,1,30,960.00
11911,11919,1,30,960.00
14920,14956,1,30,960.00
54381,54412,1,30,960.00
46167,46222,1,30,960.00
29111,29167,1,30,960.00
61370,61389,1,30,960.00
29090,29101,1,30,960.00
32512,32567,1,30,960.00
66909,66979,1,30,960.00
33139,33168,1,30,960.00
42055,42093,1,30,960.00
11651,11665,1,30,960.00
47321,47328,1,30,960.00
36236,36250,1,30,960.00
5585,5640,1,30,960.00
55369,55391,1,30,960.00
29621,29643,1,30,960.00
18220,18257,1,30,960.00
13429,13440,1,30,960.00
28088,28110,1,30,960.00
60991,61059,1,30,960.00
18924,18980,1,30,960.00
25722,25762,1,30,960.00
12732,12736,1,30,960.00
21100,21119,1,30,960.00
27509,27521,1,30,960.00
53676,53695,1,30,960.00
60970,61057,1,30,960.00
30832,30883,1,30,960.00
39264,39311,1,30,960.00
12109,12164,1,30,960.00
53062,53124,1,30,960.00
12216,12297,1,30,960.00
71740,71788,1,30,960.00
60705,60714,1,30,960.00
37448,37484,1,30,960.00
13477,13513,1,30,960.00
45736,45770,1,30,960.00
13577,13613,1,30,960.00
52503,52534,1,30,960.00
27116,27148,1,30,960.00
16470,16507,1,30,960.00
72871,72934,1,30,960.00
36638,36651,1,30,960.00
70125,70196,1,30,960.00
33486,33509,1,30,960.00
44024,44031,1,30,960.00
28166,28238,1,30,960.00
12766,12803,1,30,960.00
61925,61935,1,30,960.00
24937,25004,1,30,960.00
21683,21722,1,30,960.00
12106,12163,1,30,960.00
4665,4702,1,30,960.00
56123,56143,1,30,960.00
24909,24913,1,30,960.00
30044,30112,1,240,888.00
4538,4588,1,240,888.00
31323,31355,1,240,888.00
62254,62276,1,240,888.00
57148,57184,1,240,888.00
55364,55389,1,240,888.00
62916,62982,1,240,888.00
10389,10418,1,240,888.00
45529,45555,1,240,888.00
10650,10688,1,240,888.00
44562,44597,1,240,888.00
4346,4391,1,240,888.00
30985,36985,1,240,888.00
21298,21308,1,240,888.00
52277,52317,1,240,888.00
46681,46726,1,240,888.00
26666,26748,1,240,888.00
69779,69812,1,240,888.00
5102,5142,1,240,888.00
72287,72350,1,240,888.00
65567,65580,1,240,888.00
31704,31750,1,240,888.00
62762,62797,1,240,888.00
6218,6242,1,240,888.00
34803,34897,1,240,888.00
27172,27186,1,240,888.00
18449,18459,1,240,888.00
11020,11101,1,240,888.00
71646,71670,1,240,888.00
16834,16917,1,240,888.00
8797,9031,1,240,888.00
29092,29103,1,240,888.00
17476,17490,1,240,888.00
18370,18378,1,240,888.00
25563,25577,1,240,888.00
32164,32188,1,240,888.00
30373,30419,1,240,888.00
7752,7773,1,240,888.00
17239,17267,1,240,888.00
6285,6330,1,240,888.00
55732,55779,1,240,888.00
3993,4009,1,240,888.00
44635,44659,1,240,888.00
45060,45084,1,240,888.00
31581,31620,1,240,888.00
72875,72935,1,240,888.00
47085,47170,1,240,888.00
30454,30498,1,240,888.00
46654,46723,1,240,888.00
8099,8112,1,240,888.00
19121,19135,1,240,888.00
7300,7332,1,240,888.00
60370,60455,1,240,888.00
33738,33768,1,240,888.00
66219,66247,1,240,888.00
46596,46630,1,240,888.00
36809,36892,1,240,888.00
4601,4644,1,240,888.00
5750,5769,1,240,888.00
58242,58253,1,240,888.00
30117,30203,1,240,888.00
31288,31350,1,240,888.00
33557,33585,1,240,888.00
42854,42920,1,240,888.00
25012,25033,1,240,888.00
37509,37552,1,240,888.00
38248,38271,1,240,888.00
47179,47270,1,240,888.00
50381,50417,1,240,888.00
20133,20156,1,240,888.00
21860,22387,1,240,888.00
56195,66104,1,240,888.00
34994,35017,1,240,888.00
6105,6109,1,240,888.00
33700,33765,1,240,888.00
60065,60133,1,240,888.00
30014,30108,1,240,888.00
45001,45030,1,240,888.00
4018,4091,1,240,888.00
25144,25155,1,240,888.00
56196,56281,1,240,888.00
72955,72964,1,240,888.00
60103,60140,1,240,888.00
13490,13515,1,240,888.00
32769,32792,1,240,888.00
59968,59978,1,240,888.00
39477,39560,1,240,888.00
54991,55014,1,240,888.00
54784,54803,1,240,888.00
53071,53126,1,250,875.00
48626,48654,1,250,875.00
72855,72932,1,250,875.00
37944,37965,1,250,875.00
35180,35237,1,250,875.00
40193,40217,1,250,875.00
36912,36987,1,250,875.00
63061,63125,1,250,875.00
53778,53817,1,250,875.00
57850,57892,1,250,875.00
72679,72714,1,250,875.00
31796,31846,1,250,875.00
62849,62903,1,250,875.00
67224,67279,1,250,875.00
45523,45553,1,250,875.00
29959,30001,1,250,875.00
28212,28246,1,250,875.00
36323,36354,1,250,875.00
73347,73389,1,250,875.00
36416,36437,1,250,875.00
28059,28105,1,250,875.00
44355,44407,1,250,875.00
60689,60712,1,250,875.00
48734,48741,1,250,875.00
51524,51551,1,250,875.00
33168,33311,1,250,875.00
42708,42761,1,250,875.00
64712,64793,1,250,875.00
66183,66197,1,250,875.00
58077,58122,1,250,875.00
48523,48537,1,250,875.00
33815,33855,1,250,875.00
37581,37604,1,250,875.00
43825,43890,1,250,875.00
50053,50096,1,250,875.00
70560,70600,1,250,875.00
70081,70104,1,250,875.00
32278,32367,1,250,875.00
55640,55706,1,250,875.00
56192,56201,1,250,875.00
67640,67715,1,250,875.00
44887,44954,1,250,875.00
72721,72827,1,250,875.00
29983,30006,1,250,875.00
35183,35238,1,250,875.00
32120,32146,1,250,875.00
49359,49440,1,250,875.00
48372,48416,1,250,875.00
38542,38562,1,250,875.00
54289,54326,1,250,875.00
27369,27405,1,250,875.00
64414,64501,1,250,875.00
70821,70861,1,250,875.00
48941,48969,1,250,875.00
30995,31034,1,250,875.00
65549,65576,1,250,875.00
44070,44140,1,250,875.00
62500,62578,1,250,875.00
57268,57333,1,250,875.00
70261,70347,1,250,875.00
27567,27628,1,250,875.00
47382,47424,1,250,875.00
60981,61058,1,250,875.00
33130,33166,1,250,875.00
73082,73105,1,250,875.00
3751,3758,1,48,864.00
21879,21962,1,48,864.00
37787,37833,1,48,864.00
40226,40303,1,48,864.00
26554,26565,1,48,864.00
29710,29728,1,48,864.00
31499,31564,1,48,864.00
47899,47922,1,48,864.00
53072,53127,1,48,864.00
39771,39829,1,48,864.00
33384,33434,1,48,864.00
50593,50629,1,48,864.00
11942,11981,1,48,864.00
37219,37236,1,48,864.00
73004,73024,1,48,864.00
46281,46331,1,48,864.00
35319,35335,1,48,864.00
34113,34148,1,48,864.00
29604,29637,1,48,864.00
37022,37087,1,48,864.00
29988,30007,1,48,864.00
30082,30119,1,48,864.00
73064,73101,1,48,864.00
17421,17450,1,48,864.00
31664,31675,1,48,864.00
15699,15710,1,48,864.00
36684,36732,1,48,864.00
59572,59592,1,48,864.00
46534,46563,1,48,864.00
39034,39046,1,48,864.00
35959,35981,1,48,864.00
55670,55710,1,48,864.00
60764,60808,1,48,864.00
58344,58369,1,48,864.00
65877,65908,1,48,864.00
17641,17670,1,48,864.00
68235,68280,1,48,864.00
3762,3795,1,48,864.00
22763,22770,1,48,864.00
25492,25569,1,48,864.00
69839,69871,1,48,864.00
42475,42525,1,48,864.00
42071,42095,1,48,864.00
22735,22768,1,48,864.00
73365,73393,1,48,864.00
53687,53802,1,48,864.00
30352,30418,1,48,864.00
1990,2009,1,48,864.00
1561,1605,1,48,864.00
39900,39948,1,48,864.00
12067,12084,1,48,864.00
70736,70810,1,48,864.00
39000,39025,1,48,864.00
11886,11916,1,48,864.00
62223,62272,1,48,864.00
56089,56096,1,48,864.00
45317,45375,1,48,864.00
71336,71399,1,48,864.00
65288,65355,1,48,864.00
26985,27050,1,48,864.00
25424,25677,1,48,864.00
20886,20918,1,48,864.00
50730,50762,1,48,864.00
35499,35546,1,48,864.00
9926,9982,1,48,864.00
31051,31123,1,48,864.00
65898,65910,1,48,864.00
35156,35171,1,48,864.00
47648,47712,1,48,864.00
36678,36731,1,48,864.00
26937,26955,1,48,864.00
6422,6431,1,48,864.00
56032,56075,1,48,864.00
16195,16265,1,48,864.00
25788,25868,1,48,864.00
49759,49836,1,48,864.00
60825,60905,1,48,864.00
28432,28466,1,48,864.00
65869,65906,1,48,864.00
3671,3682,1,48,864.00
52549,52640,1,48,864.00
48729,48740,1,48,864.00
30477,30499,1,48,864.00
48801,48830,1,48,864.00
41894,41909,1,48,864.00
52544,52639,1,48,864.00
38256,38272,1,48,864.00
72542,72583,1,48,864.00
57247,57331,1,48,864.00
53138,53217,1,48,864.00
55291,55342,1,48,864.00
58686,58700,1,48,864.00
32,68,1,48,864.00
3991,4007,1,48,864.00
3916,3931,1,48,864.00
9205,9219,1,48,864.00
41711,41724,1,48,864.00
45279,45365,1,48,864.00
70992,71026,1,48,864.00
29471,29561,1,48,864.00
7858,7916,1,48,864.00
49260,49287,1,48,864.00
43511,43572,1,48,864.00
42133,42198,1,48,864.00
40092,40138,1,48,864.00
54963,55011,1,48,864.00
12032,12043,1,48,864.00
29926,29947,1,48,864.00
30642,30684,1,48,864.00
7526,7585,1,48,864.00
4889,4909,1,48,864.00
68747,68798,1,48,864.00
56391,56458,1,48,864.00
58132,58206,1,48,864.00
71237,71277,1,48,864.00
67857,67911,1,48,864.00
4916,4961,1,48,864.00
71301,71393,1,48,864.00
11335,11352,1,48,864.00
58736,58788,1,48,864.00
66992,67027,1,48,864.00
6378,6387,1,48,864.00
52365,52389,1,48,864.00
21258,21304,1,48,864.00
5832,5848,1,48,864.00
55024,55096,1,48,864.00
38191,38227,1,48,864.00
50386,50418,1,48,864.00
26723,26754,1,48,864.00
60386,60458,1,48,864.00
65806,65851,1,48,864.00
9772,9835,1,48,864.00
47287,47324,1,48,864.00
39284,39312,1,48,864.00
1475,1525,1,48,864.00
29991,30009,1,48,864.00
1454,1521,1,48,864.00
39943,40037,1,48,864.00
10638,10687,1,48,864.00
19042,19066,1,48,864.00
52659,52707,1,48,864.00
45652,45668,1,48,864.00
62925,62985,1,48,864.00
51750,51824,1,48,864.00
35213,35244,1,48,864.00
50725,50760,1,48,864.00
40370,40380,1,48,864.00
19689,19713,1,48,864.00
35612,35706,1,48,864.00
71325,71396,1,48,864.00
59333,59382,1,48,864.00
45942,45977,1,48,864.00
51179,51213,1,48,864.00
64330,64385,1,48,864.00
21239,21251,1,48,864.00
17089,17098,1,48,864.00
65388,65450,1,48,864.00
2431,2454,1,48,864.00
34330,34341,1,48,864.00
40792,40815,1,48,864.00
48398,48424,1,48,864.00
58758,58789,1,48,864.00
31419,31482,1,48,864.00
6043,6055,1,48,864.00
14341,14405,1,48,864.00
3590,3672,1,48,864.00
70451,70461,1,48,864.00
46600,46631,1,48,864.00
38536,38560,1,48,864.00
28520,28580,1,48,864.00
11417,11484,1,48,864.00
48225,48301,1,48,864.00
55205,55251,1,48,864.00
19858,19878,1,48,864.00
30867,30888,1,48,864.00
11069,11113,1,48,864.00
4272,4305,1,48,864.00
63859,63956,1,48,864.00
39012,39027,1,48,864.00
9161,9188,1,48,864.00
9285,9371,1,48,864.00
72733,72829,1,48,864.00
72814,72836,1,48,864.00
8037,8107,1,48,864.00
35100,35120,1,48,864.00
39761,39827,1,48,864.00
54678,54736,1,48,864.00
62027,62105,1,48,864.00
29757,29793,1,48,864.00
915,955,1,48,864.00
24407,24439,1,48,864.00
34027,34092,1,48,864.00
32393,32411,1,48,864.00
64957,65030,1,48,864.00
31147,31161,1,48,864.00
2300,2310,1,48,864.00
4089,4157,1,48,864.00
19164,19180,1,48,864.00
62248,62274,1,48,864.00
41609,41661,1,48,864.00
4606,4645,1,48,864.00
66478,66501,1,48,864.00
16554,16599,1,48,864.00
16345,16372,1,48,864.00
39072,39145,1,48,864.00
14139,14163,1,48,864.00
5598,5642,1,48,864.00
38110,38122,1,48,864.00
52750,52817,1,48,864.00
46638,46721,1,48,864.00
58516,58558,1,48,864.00
56394,56459,1,48,864.00
53548,53585,1,48,864.00
32833,32863,1,48,864.00
23789,23804,1,48,864.00
40002,40041,1,48,864.00
6250,6326,1,48,864.00
70179,70207,1,48,864.00
55689,55711,1,48,864.00
39463,39471,1,48,864.00
2989,3018,1,48,864.00
58027,58110,1,48,864.00
32663,32682,1,48,864.00
52222,52315,1,48,864.00
1914,1918,1,48,864.00
18301,18373,1,48,864.00
62844,62902,1,48,864.00
2146,2165,1,48,864.00
41405,41431,1,48,864.00
41518,41529,1,48,864.00
35220,35245,1,48,864.00
18143,18189,1,48,864.00
17609,17669,1,48,864.00
42126,42197,1,48,864.00
17410,17448,1,48,864.00
43744,43778,1,48,864.00
43708,43775,1,48,864.00
72492,72516,1,48,864.00
63902,63963,1,48,864.00
35454,35495,1,48,864.00
49628,49655,1,48,864.00
18787,18838,1,48,864.00
21211,21231,1,48,864.00
21866,21960,1,48,864.00
26154,26185,1,48,864.00
43989,44027,1,48,864.00
25152,25156,1,48,864.00
61185,61209,1,48,864.00
70972,71021,1,48,864.00
15182,15215,1,48,864.00
59064,59112,1,48,864.00
22704,22718,1,48,864.00
27273,27295,1,48,864.00
6414,6430,1,48,864.00
47868,47920,1,48,864.00
6645,6676,1,48,864.00
37000,37086,1,48,864.00
48345,48411,1,48,864.00
48794,48828,1,48,864.00
29399,29455,1,48,864.00
31536,31566,1,48,864.00
6761,6774,1,48,864.00
28646,28663,1,48,864.00
16382,16401,1,48,864.00
25388,25421,1,48,864.00
14368,14409,1,48,864.00
53341,53380,1,48,864.00
9852,9901,1,48,864.00
28583,28656,1,48,864.00
21480,21549,1,48,864.00
41078,41111,1,48,864.00
9325,9374,1,48,864.00
39533,39570,1,48,864.00
9586,9616,1,48,864.00
9953,9984,1,48,864.00
4664,4701,1,48,864.00
28300,28349,1,48,864.00
5122,5145,1,48,864.00
21811,21860,1,48,864.00
44091,44143,1,48,864.00
32608,32618,1,48,864.00
27524,27548,1,48,864.00
57238,57330,1,48,864.00
65324,65362,1,48,864.00
3658,3680,1,48,864.00
37494,37549,1,48,864.00
48665,48738,1,48,864.00
29325,29352,1,48,864.00
51204,51218,1,48,864.00
2081,2129,1,48,864.00
27966,28000,1,48,864.00
16125,16191,1,48,864.00
53220,53377,1,48,864.00
14050,14064,1,48,864.00
11046,11106,1,48,864.00
42296,42354,1,48,864.00
58088,58125,1,48,864.00
28763,28826,1,48,864.00
44813,44870,1,48,864.00
60638,60706,1,48,864.00
50295,50328,1,48,864.00
46871,46885,1,48,864.00
5177,5231,1,48,864.00
51285,51361,1,48,864.00
17906,17961,1,48,864.00
69191,69199,1,48,864.00
51347,51369,1,48,864.00
41698,41723,1,48,864.00
36002,36047,1,48,864.00
35820,35837,1,48,864.00
46288,46333,1,48,864.00
34390,34452,1,48,864.00
40482,40558,1,48,864.00
66417,66438,1,48,864.00
72527,72582,1,48,864.00
48767,48788,1,48,864.00
41103,41115,1,48,864.00
14848,14875,1,48,864.00
6068,6106,2,48,864.00
34608,34658,1,48,864.00
35990,36045,1,48,864.00
3107,3157,1,48,864.00
29615,29642,1,48,864.00
36270,36346,1,48,864.00
7866,7908,1,48,864.00
65101,65161,1,48,864.00
51019,51042,1,48,864.00
2089,2128,1,48,864.00
44281,44338,1,48,864.00
1913,1919,1,48,864.00
28176,28241,1,48,864.00
69532,69585,1,48,864.00
11283,11314,1,48,864.00
3660,3681,1,48,864.00
43802,43889,1,48,864.00
4829,4885,1,48,864.00
35397,35489,1,48,864.00
49498,49560,1,48,864.00
25814,25871,1,48,864.00
63062,63126,1,48,864.00
57996,58014,1,48,864.00
4290,4308,1,48,864.00
69306,69380,1,48,864.00
12654,12668,1,48,864.00
12515,12544,1,48,864.00
52298,52318,1,48,864.00
63740,63808,1,48,864.00
4354,4392,1,48,864.00
57044,57089,1,48,864.00
16057,16115,1,48,864.00
59190,59222,1,48,864.00
56332,56369,1,48,864.00
59429,59468,1,48,864.00
69630,69810,1,48,864.00
19565,19591,1,48,864.00
67807,67831,1,48,864.00
62186,62269,1,48,864.00
18167,18192,1,48,864.00
4526,4587,1,48,864.00
60632,60635,1,48,864.00
4982,5007,1,48,864.00
49259,49286,1,48,864.00
19813,19836,1,48,864.00
16803,16828,1,48,864.00
44863,44878,1,48,864.00
14919,14955,1,48,864.00
52991,53020,1,48,864.00
38625,38649,1,48,864.00
44038,44135,1,48,864.00
50746,50765,1,48,864.00
69060,69095,1,48,864.00
65847,65859,1,48,864.00
36376,36431,1,48,864.00
46992,47069,1,48,864.00
3688,3754,1,48,864.00
47259,47278,1,48,864.00
3067,3070,1,48,864.00
2226,2270,1,48,864.00
65620,65672,1,48,864.00
49415,49447,1,48,864.00
14330,14403,1,48,864.00
26144,26183,1,48,864.00
52572,52643,1,48,864.00
36722,36734,1,48,864.00
29204,29247,1,48,864.00
44323,44344,1,48,864.00
8330,8350,1,48,864.00
66142,66193,1,48,864.00
11156,11190,1,48,864.00
14962,15013,1,48,864.00
1419,1443,1,48,864.00
32889,32946,1,48,864.00
43764,43781,1,48,864.00
25243,25326,1,48,864.00
27790,27876,1,48,864.00
54896,54908,1,48,864.00
42284,42353,1,48,864.00
55310,55343,1,48,864.00
35767,35781,1,48,864.00
28328,28352,1,48,864.00
55564,55583,1,48,864.00
43287,43293,1,48,864.00
65411,65453,1,48,864.00
32242,32266,1,48,864.00
8128,8171,1,48,864.00
39323,39372,1,48,864.00
26803,26816,1,48,864.00
51239,51279,1,48,864.00
19732,19774,1,48,864.00
58585,58614,1,48,864.00
41453,41480,1,48,864.00
20001,20020,1,48,864.00
20362,20383,1,48,864.00
11294,11317,1,48,864.00
68524,68546,1,48,864.00
20400,20431,1,48,864.00
13167,13197,1,48,864.00
35131,35170,1,48,864.00
61729,61755,1,48,864.00
24406,24438,1,48,864.00
5787,5844,1,48,864.00
51559,51603,1,48,864.00
34689,34752,1,48,864.00
14597,14623,1,48,864.00
50779,50864,1,48,864.00
70772,70819,1,48,864.00
16242,16270,1,48,864.00
2166,2207,1,48,864.00
1807,1844,1,48,864.00
48285,48307,1,48,864.00
35370,35384,1,48,864.00
20306,20337,1,48,864.00
41023,41041,1,48,864.00
25312,25337,1,48,864.00
41912,41956,1,48,864.00
25252,25328,1,48,864.00
25205,25236,1,48,864.00
51158,51211,1,48,864.00
34707,34753,1,48,864.00
32635,32680,1,48,864.00
3629,3678,1,48,864.00
32191,32261,1,48,864.00
7765,7772,1,48,864.00
2631,2641,1,48,864.00
70310,70350,1,48,864.00
45240,45274,1,48,864.00
25279,25332,1,48,864.00
32271,32364,1,48,864.00
63412,63470,1,48,864.00
1662,1674,1,48,864.00
46319,46335,1,48,864.00
5708,5761,1,48,864.00
22143,22175,1,48,864.00
55348,55388,1,48,864.00
47202,47273,1,48,864.00
21063,21080,1,48,864.00
13124,13131,1,48,864.00
46282,46332,1,48,864.00
15863,15897,1,48,864.00
13211,13262,1,48,864.00
57980,58012,1,48,864.00
20439,20498,1,48,864.00
13011,13063,1,48,864.00
20850,20911,1,48,864.00
40487,40559,1,48,864.00
27074,27143,1,48,864.00
40147,40213,1,48,864.00
47111,47173,1,48,864.00
66202,66244,1,48,864.00
17278,17349,1,48,864.00
20245,20262,1,48,864.00
12001,12038,1,48,864.00
26830,26851,1,48,864.00
73543,73591,1,48,864.00
60932,60963,1,48,864.00
14025,14061,1,48,864.00
37859,37892,1,48,864.00
14344,14406,1,48,864.00
29884,29892,1,48,864.00
16730,16736,1,48,864.00
59086,59117,1,48,864.00
58761,58790,1,48,864.00
12031,12042,1,48,864.00
50545,50622,1,48,864.00
24628,24646,1,48,864.00
59103,59119,1,48,864.00
59389,59581,1,48,864.00
18622,18632,1,48,864.00
29862,29890,1,48,864.00
65298,65359,1,48,864.00
59886,59899,1,48,864.00
12276,12305,1,48,864.00
18940,18982,1,48,864.00
39673,39729,1,48,864.00
62176,62267,1,48,864.00
17984,18059,1,48,864.00
30603,30634,1,48,864.00
24638,24649,1,48,864.00
40480,40557,1,48,864.00
52804,52821,1,48,864.00
15692,15709,1,48,864.00
54782,54802,1,48,864.00
3195,3243,1,48,864.00
68119,68147,1,48,864.00
12850,12865,1,48,864.00
53448,53511,1,48,864.00
57396,57409,1,48,864.00
48384,48420,1,48,864.00
2092,2131,1,48,864.00
42597,42647,1,48,864.00
52336,52384,1,48,864.00
57614,57664,1,48,864.00
36315,36353,1,48,864.00
5108,5144,1,48,864.00
8534,8550,1,48,864.00
40212,40220,1,48,864.00
58458,58554,1,48,864.00
71911,71997,1,48,864.00
64290,64377,1,96,820.80
32510,32566,1,216,799.20
47643,47711,1,216,799.20
47253,47276,1,216,799.20
46394,46470,1,216,799.20
30282,30333,1,216,799.20
23164,23172,1,216,799.20
48396,48422,1,216,799.20
37503,37550,1,216,799.20
32551,32571,1,216,799.20
20468,20502,1,216,799.20
61194,61210,1,216,799.20
58328,58365,1,216,799.20
21125,21220,1,216,799.20
64085,64160,1,216,799.20
53025,53118,1,216,799.20
68191,68212,1,216,799.20
48615,48650,1,216,799.20
25218,25239,1,216,799.20
15063,15074,1,216,799.20
18159,18190,1,216,799.20
14689,14707,1,216,799.20
48434,48527,1,216,799.20
15796,15813,1,216,799.20
11945,11982,1,216,799.20
7199,7209,1,216,799.20
22749,22769,1,216,799.20
12311,12341,1,216,799.20
29163,29175,1,216,799.20
59009,59051,1,216,799.20
62390,62461,1,216,799.20
30627,30877,1,216,799.20
20191,20256,1,216,799.20
9896,9905,1,216,799.20
14856,14877,1,216,799.20
27825,27881,1,216,799.20
51596,51609,1,216,799.20
14895,14915,1,216,799.20
58369,58610,1,216,799.20
25069,25106,1,216,799.20
38786,38861,1,216,799.20
56698,56724,1,216,799.20
53076,53129,1,216,799.20
7544,7586,1,216,799.20
37181,37230,1,216,799.20
39618,39629,1,216,799.20
31044,31121,1,216,799.20
25207,25237,1,216,799.20
25379,25420,1,216,799.20
13572,13612,1,216,799.20
24026,24050,1,216,799.20
49869,49927,1,216,799.20
63624,63695,1,216,799.20
39179,39222,1,216,799.20
6070,6108,1,216,799.20
68749,68799,1,216,799.20
29035,29097,1,216,799.20
64202,64253,1,216,799.20
45569,45660,1,216,799.20
39887,39945,1,216,799.20
4075,4096,1,216,799.20
18648,18713,1,216,799.20
32196,32262,1,216,799.20
15888,15900,1,216,799.20
25727,25763,1,216,799.20
70844,70865,1,216,799.20
8889,8941,1,216,799.20
4680,4704,1,216,799.20
16091,16120,1,216,799.20
43469,43495,1,216,799.20
28446,28468,1,216,799.20
46828,46880,1,216,799.20
67038,67074,1,216,799.20
70153,70202,1,216,799.20
42687,42760,1,216,799.20
11064,11110,1,216,799.20
46915,46958,1,216,799.20
24802,35233,1,216,799.20
12721,12734,1,216,799.20
20758,20800,1,216,799.20
31553,31569,1,216,799.20
50588,50627,1,225,787.50
53457,53513,1,225,787.50
55962,56063,1,225,787.50
40322,40347,1,225,787.50
52168,52211,1,225,787.50
36111,36145,1,225,787.50
42149,42201,1,225,787.50
71121,71204,1,225,787.50
45113,45172,1,225,787.50
36054,36140,1,225,787.50
63817,63852,1,225,787.50
52501,52533,1,225,787.50
65821,65854,1,225,787.50
49744,49834,1,225,787.50
33095,33125,1,225,787.50
47499,47536,1,225,787.50
72574,72588,1,225,787.50
34831,34900,1,225,787.50
30097,30120,1,225,787.50
71029,71059,1,225,787.50
52966,53016,1,225,787.50
62256,62277,1,225,787.50
59779,59851,1,225,787.50
39805,39836,1,225,787.50
33195,33242,1,225,787.50
27443,27473,1,225,787.50
36375,36430,1,225,787.50
47315,47326,1,225,787.50
35104,35121,1,225,787.50
40901,40921,1,225,787.50
46744,46822,1,225,787.50
60217,60248,1,225,787.50
39999,40040,1,225,787.50
42243,42274,1,225,787.50
57117,57180,1,225,787.50
46238,46326,1,225,787.50
65939,65968,1,225,787.50
37300,37321,1,225,787.50
57407,57890,1,225,787.50
48697,48739,1,225,787.50
53641,53689,1,225,787.50
51271,51284,1,225,787.50
33693,33762,1,225,787.50
63650,63699,1,225,787.50
37595,37606,1,225,787.50
70536,70559,1,225,787.50
31399,31412,1,225,787.50
59170,59218,1,225,787.50
44828,44872,1,225,787.50
28063,28106,1,225,787.50
27579,27630,1,225,787.50
48153,48196,1,225,787.50
61165,61207,1,225,787.50
50510,51040,1,225,787.50
40982,41033,1,225,787.50
38278,38356,1,225,787.50
41014,41038,2,60,736.80
60917,68908,1,192,710.40
40304,42411,1,192,710.40
64981,65032,1,192,710.40
44190,44204,1,192,710.40
51407,51431,1,192,710.40
38020,38061,1,192,710.40
51286,51362,1,192,710.40
50482,50519,1,192,710.40
71282,71390,1,192,710.40
21202,21228,1,192,710.40
45606,45663,1,192,710.40
68702,68792,1,192,710.40
26490,26558,1,192,710.40
8437,8465,1,192,710.40
4780,4794,1,192,710.40
57087,57092,1,192,710.40
65329,65364,1,192,710.40
63627,63697,1,192,710.40
51604,51662,1,192,710.40
38167,38224,1,192,710.40
21859,29349,1,192,710.40
33002,33041,1,192,710.40
67507,67607,1,192,710.40
47853,47917,1,192,710.40
7603,7616,1,192,710.40
40643,40730,1,192,710.40
33436,49992,1,192,710.40
20890,20919,1,192,710.40
29158,29174,1,192,710.40
49810,49839,1,192,710.40
71153,71206,1,192,710.40
52495,52532,1,192,710.40
59635,59673,1,192,710.40
36278,36348,1,192,710.40
66594,66614,1,192,710.40
6986,7026,1,192,710.40
27723,27770,1,192,710.40
65845,65858,1,192,710.40
42326,42357,1,192,710.40
40244,40306,1,192,710.40
27955,27964,1,192,710.40
52898,52942,1,192,710.40
25896,25928,1,192,710.40
10898,10914,1,192,710.40
43324,43369,1,192,710.40
5909,5936,1,192,710.40
55204,55250,1,192,710.40
12591,12623,1,192,710.40
15179,15214,1,192,710.40
16757,16783,1,192,710.40
72667,72712,1,192,710.40
25596,25678,1,192,710.40
71544,71584,1,192,710.40
50584,50626,1,192,710.40
49054,49070,1,192,710.40
4277,4307,1,192,710.40
8250,8264,1,192,710.40
59143,59216,1,192,710.40
42408,42415,1,192,710.40
40016,40044,1,192,710.40
51640,51666,1,192,710.40
57846,57891,1,192,710.40
38117,38123,1,192,710.40
32831,32862,1,192,710.40
53525,53582,1,192,710.40
18795,18840,1,192,710.40
18038,18061,1,192,710.40
60668,60710,1,192,710.40
40242,40305,1,192,710.40
5634,5646,1,192,710.40
46824,55244,1,192,710.40
49396,49446,1,192,710.40
44226,44246,1,192,710.40
23817,23865,1,192,710.40
55104,55949,1,192,710.40
51765,51828,1,192,710.40
64577,64599,1,192,710.40
22170,22181,1,192,710.40
53390,53426,1,192,710.40
42629,42653,1,192,710.40
33202,33243,1,192,710.40
7499,7523,1,192,710.40
62515,62581,1,192,710.40
27967,28001,1,192,710.40
71805,71892,1,192,710.40
9648,9662,1,192,710.40
48092,48102,1,192,710.40
66063,66109,1,192,710.40
60335,60369,1,192,710.40
65382,65448,1,192,710.40
72754,72832,1,192,710.40
5426,5489,1,192,710.40
61352,61385,1,200,700.00
28410,28460,1,200,700.00
63265,63282,1,200,700.00
45327,45376,1,200,700.00
57218,57230,1,200,700.00
61113,61294,1,200,700.00
57483,57546,1,200,700.00
42825,42841,1,200,700.00
62093,62114,1,200,700.00
49039,49066,1,200,700.00
46418,46473,1,200,700.00
43952,43975,1,200,700.00
50102,72266,1,200,700.00
36093,36144,1,200,700.00
41393,41430,1,200,700.00
49953,49995,1,200,700.00
62923,62983,1,200,700.00
65865,65905,1,200,700.00
43375,43429,1,200,700.00
61435,61495,1,200,700.00
42645,42702,1,200,700.00
50716,50758,1,200,700.00
56708,56726,1,200,700.00
49162,49202,1,200,700.00
45724,45768,1,200,700.00
64605,64655,1,200,700.00
31929,31956,1,200,700.00
57291,57337,1,200,700.00
67561,67614,1,200,700.00
34894,34913,1,200,700.00
47041,47073,1,200,700.00
51415,51432,1,200,700.00
36550,36563,1,200,700.00
40287,40310,1,200,700.00
53673,53693,1,200,700.00
50288,50326,1,200,700.00
45182,45229,1,200,700.00
47630,47708,1,200,700.00
58525,58559,1,200,700.00
28185,28242,1,200,700.00
41991,41997,1,200,700.00
30016,30109,1,200,700.00
48378,48418,1,200,700.00
55122,55163,1,200,700.00
52349,52386,1,200,700.00
33463,33507,1,200,700.00
69243,69297,1,200,700.00
61884,61929,1,200,700.00
31045,31122,1,200,700.00
72455,72467,1,200,700.00
66804,66829,1,200,700.00
40112,40140,1,200,700.00
70439,70459,1,200,700.00
50729,50761,1,200,700.00
69286,69300,1,200,700.00
28207,28245,1,200,700.00
48608,48648,1,200,700.00
33603,33656,1,200,700.00
42627,42652,1,200,700.00
36539,36561,1,200,700.00
29675,29723,1,200,700.00
34371,34384,1,200,700.00
48399,48425,1,200,700.00
48775,48790,1,200,700.00
62423,62467,1,200,700.00
55410,55439,1,200,700.00
35376,35386,1,200,700.00
57949,58008,1,200,700.00
29972,30003,1,200,700.00
62830,62841,1,200,700.00
71948,72001,1,200,700.00
23,62,1,168,688.80
90,134,1,234,678.60
45007,45031,1,36,648.00
10392,10419,1,36,648.00
16084,16119,1,36,648.00
29825,29843,1,36,648.00
42809,42817,1,36,648.00
34363,34382,1,36,648.00
48118,48193,1,36,648.00
47023,47070,1,36,648.00
26099,26177,1,36,648.00
62258,62278,1,36,648.00
60853,60912,1,36,648.00
42379,42414,1,36,648.00
5160,5234,1,36,648.00
13935,13972,1,36,648.00
53988,54037,1,36,648.00
12406,12414,1,36,648.00
66680,66695,1,36,648.00
23309,23326,1,36,648.00
57099,57176,1,36,648.00
24278,24351,1,36,648.00
31179,31250,1,36,648.00
35961,35982,1,36,648.00
67099,67155,1,36,648.00
23574,23614,1,36,648.00
55617,55622,1,36,648.00
70006,70044,1,36,648.00
57533,57555,1,36,648.00
72385,72460,1,36,648.00
72881,72937,1,36,648.00
14867,14879,1,36,648.00
43909,43970,1,36,648.00
37463,37485,1,36,648.00
61023,61062,1,36,648.00
3994,4010,1,36,648.00
61364,61388,1,36,648.00
54005,54039,1,36,648.00
10164,10237,1,36,648.00
50917,50974,1,36,648.00
28552,28582,1,36,648.00
52904,52943,1,36,648.00
3428,3440,1,36,648.00
41201,41244,1,36,648.00
32380,32407,1,36,648.00
71764,71789,1,36,648.00
68775,68801,1,36,648.00
68721,68794,1,36,648.00
45795,45815,1,36,648.00
13368,13431,1,36,648.00
38477,38510,1,36,648.00
1121,1149,1,36,648.00
39214,39226,1,36,648.00
52949,53014,1,36,648.00
69599,69632,1,36,648.00
20359,20382,1,36,648.00
54603,54651,1,36,648.00
17777,17801,1,36,648.00
20761,20801,1,36,648.00
10440,10459,1,36,648.00
39409,39428,1,36,648.00
60081,60136,1,36,648.00
30626,30637,1,36,648.00
23488,23538,1,36,648.00
69976,70042,1,36,648.00
30692,30774,1,36,648.00
39329,39373,1,36,648.00
22511,22551,1,36,648.00
45812,45816,1,36,648.00
26307,26326,1,36,648.00
68522,68545,1,36,648.00
24249,24274,1,36,648.00
16212,16267,1,36,648.00
26012,26021,1,36,648.00
26609,26653,1,36,648.00
53840,53921,1,36,648.00
18099,18125,1,36,648.00
50276,50324,1,36,648.00
10503,10587,1,36,648.00
49937,49993,1,36,648.00
42764,42814,1,36,648.00
33214,33246,1,36,648.00
53930,53962,1,36,648.00
13457,13461,1,36,648.00
47050,47074,1,36,648.00
27929,27959,1,36,648.00
67799,67829,1,36,648.00
27,64,1,36,648.00
27080,27145,1,36,648.00
35739,35777,1,36,648.00
66328,66347,1,36,648.00
31592,31622,1,36,648.00
71386,71404,1,36,648.00
17151,17189,1,36,648.00
71723,71785,1,36,648.00
27859,27884,1,36,648.00
16905,16920,1,36,648.00
25445,25450,1,36,648.00
64078,64159,1,36,648.00
20613,20670,1,36,648.00
19512,19537,1,36,648.00
35184,35239,1,36,648.00
39712,39734,1,36,648.00
43920,43972,1,36,648.00
44048,44137,1,36,648.00
42894,42922,1,36,648.00
72341,72354,1,36,648.00
72218,72270,1,36,648.00
21194,21227,1,36,648.00
63944,63967,1,36,648.00
56263,56295,1,36,648.00
38337,38362,1,36,648.00
70731,70808,1,36,648.00
56408,56462,1,36,648.00
54441,54514,1,36,648.00
3466,3522,1,36,648.00
46207,46226,1,36,648.00
26708,26752,1,36,648.00
71014,71027,1,36,648.00
46572,46627,1,36,648.00
9651,9663,1,36,648.00
5446,5491,1,36,648.00
66545,66606,1,36,648.00
52604,52647,1,36,648.00
17277,17348,1,36,648.00
67032,67073,1,36,648.00
6512,6527,1,36,648.00
39157,39218,1,36,648.00
11287,11315,1,36,648.00
11505,11552,1,36,648.00
42534,42638,1,36,648.00
104,140,1,36,648.00
53850,53923,1,36,648.00
51043,51103,1,36,648.00
34377,34387,1,36,648.00
37968,38008,1,36,648.00
70062,70103,1,36,648.00
51199,51216,1,36,648.00
41412,41432,1,36,648.00
34375,34386,1,36,648.00
64536,64592,1,36,648.00
39919,39950,1,36,648.00
27440,27472,1,36,648.00
17877,17955,1,36,648.00
5217,5229,1,36,648.00
47348,47353,1,36,648.00
59302,59379,1,36,648.00
1207,1223,1,36,648.00
12095,12161,1,36,648.00
35039,35053,1,36,648.00
73533,73590,1,36,648.00
34978,35016,1,36,648.00
45850,45915,1,36,648.00
53758,53813,1,36,648.00
13569,13611,1,36,648.00
69556,69589,1,36,648.00
6628,6674,1,36,648.00
6676,6829,1,36,648.00
66931,66981,1,36,648.00
3917,3932,1,36,648.00
69291,69301,1,36,648.00
64057,64067,1,36,648.00
30541,30545,1,36,648.00
14006,14058,1,36,648.00
17312,17354,1,36,648.00
63885,63959,1,36,648.00
47084,47169,1,36,648.00
15650,15706,1,36,648.00
11764,11805,1,36,648.00
26469,26556,1,36,648.00
55123,55164,1,36,648.00
7881,7905,1,36,648.00
70704,70724,1,36,648.00
25245,25327,1,36,648.00
29833,29844,1,36,648.00
16790,16826,1,36,648.00
53193,53224,1,36,648.00
7213,7251,1,36,648.00
5285,5309,1,36,648.00
14955,15012,1,36,648.00
50074,50101,1,36,648.00
31340,31356,1,36,648.00
53075,53128,1,36,648.00
35819,35836,1,36,648.00
65526,65573,1,36,648.00
6169,6187,1,36,648.00
55494,55520,1,36,648.00
34078,34099,1,36,648.00
39846,39938,1,36,648.00
58982,59047,1,36,648.00
65594,65667,1,36,648.00
54950,55010,1,36,648.00
72033,72050,1,36,648.00
67185,67274,1,36,648.00
2174,2203,1,36,648.00
67148,67160,1,36,648.00
23686,23701,1,36,648.00
61909,61932,1,36,648.00
35869,35900,1,36,648.00
63359,63379,1,36,648.00
27946,27961,1,36,648.00
41665,41716,1,36,648.00
15478,15495,1,36,648.00
53684,53697,1,36,648.00
37560,37600,1,36,648.00
19978,20018,1,36,648.00
19408,19441,1,36,648.00
63626,63696,1,36,648.00
59364,59389,1,36,648.00
69403,69475,1,36,648.00
37105,37140,1,36,648.00
25305,25336,1,36,648.00
25622,25680,1,36,648.00
60005,60042,1,36,648.00
45583,45661,1,36,648.00
7402,7447,1,36,648.00
65235,65277,1,36,648.00
22441,22467,1,36,648.00
57571,57661,1,36,648.00
46616,46633,1,36,648.00
21837,21862,1,36,648.00
59028,59052,1,36,648.00
11563,11590,1,36,648.00
34566,34571,1,36,648.00
12792,12806,1,36,648.00
50921,50975,1,36,648.00
16215,16268,1,36,648.00
32806,32859,1,36,648.00
30833,30884,1,36,648.00
62206,62271,1,36,648.00
11900,11917,1,36,648.00
71711,71782,1,36,648.00
71860,71898,1,36,648.00
61860,61873,1,36,648.00
41586,41658,1,36,648.00
56255,56293,1,36,648.00
44096,44144,1,36,648.00
31314,31352,1,36,648.00
9592,9617,1,36,648.00
9217,9220,1,36,648.00
26025,26091,2,36,648.00
27313,27350,1,36,648.00
8721,8796,1,36,648.00
49269,49288,1,36,648.00
42430,42468,1,36,648.00
683,695,1,36,648.00
12007,12040,1,36,648.00
25960,25976,1,36,648.00
25911,25929,1,36,648.00
38634,38652,1,36,648.00
8694,8721,1,36,648.00
40208,40219,1,36,648.00
6660,6679,1,36,648.00
6730,6771,1,36,648.00
3221,3241,1,36,648.00
23811,23864,1,36,648.00
54557,54600,1,36,648.00
1802,1843,1,36,648.00
1203,1222,1,36,648.00
67203,67277,1,36,648.00
51305,51364,1,36,648.00
55767,55782,1,36,648.00
39530,39569,1,36,648.00
61763,61819,1,36,648.00
73311,73384,1,36,648.00
58837,58892,1,36,648.00
60034,60046,1,36,648.00
2299,2312,1,36,648.00
70168,70203,1,36,648.00
20953,20981,1,36,648.00
70926,70951,1,36,648.00
50144,50157,1,36,648.00
23584,23618,1,36,648.00
71569,71587,1,36,648.00
23661,23695,1,36,648.00
26743,26755,1,36,648.00
59300,59378,1,36,648.00
72893,72938,1,36,648.00
59055,59110,1,36,648.00
19803,19834,1,36,648.00
24147,24150,1,36,648.00
69131,69161,1,36,648.00
22898,22964,1,36,648.00
22325,22388,1,36,648.00
23926,23956,1,36,648.00
45424,45445,1,36,648.00
58100,58128,1,36,648.00
38680,38699,1,36,648.00
53562,53587,1,36,648.00
31828,31851,1,36,648.00
65460,65489,1,36,648.00
33623,33657,1,36,648.00
57685,57776,1,36,648.00
4260,4266,1,36,648.00
43520,43574,1,36,648.00
57172,57185,1,36,648.00
1215,1224,1,36,648.00
35373,35385,1,36,648.00
624,669,1,36,648.00
64179,64250,1,36,648.00
50893,50970,1,36,648.00
2636,2642,1,36,648.00
11227,11262,1,36,648.00
17647,17671,1,36,648.00
50665,50682,1,36,648.00
17474,17489,1,36,648.00
11031,11102,1,36,648.00
61811,61825,1,36,648.00
73315,73385,1,36,648.00
41230,41247,1,36,648.00
66780,66826,1,36,648.00
5825,5847,1,36,648.00
6971,7025,1,36,648.00
55802,55842,1,36,648.00
32419,32486,1,36,648.00
62473,62571,1,36,648.00
61669,61750,1,36,648.00
8576,8612,1,36,648.00
8848,8867,1,36,648.00
35664,35711,1,36,648.00
29679,29724,1,36,648.00
7690,7777,1,36,648.00
10460,10496,1,36,648.00
17512,17576,1,36,648.00
50492,50522,1,36,648.00
37465,37486,1,36,648.00
71340,71400,1,36,648.00
70362,70453,1,36,648.00
53823,53918,1,36,648.00
55974,56066,1,36,648.00
14171,14198,1,36,648.00
67957,67978,1,36,648.00
47539,47600,1,36,648.00
43238,43245,1,36,648.00
71299,71392,1,36,648.00
23033,23048,1,36,648.00
39087,39147,1,36,648.00
40811,40817,1,36,648.00
4397,4427,1,36,648.00
24366,24434,1,36,648.00
57058,57090,1,36,648.00
61649,61747,1,36,648.00
26909,26952,1,36,648.00
24687,24730,1,36,648.00
52029,52078,1,36,648.00
26168,26186,1,36,648.00
35296,35330,1,36,648.00
73080,73104,1,36,648.00
68036,68057,1,36,648.00
22370,22392,1,36,648.00
40374,40382,1,36,648.00
27346,27353,1,36,648.00
28094,28111,1,36,648.00
32058,32075,1,36,648.00
56616,56629,1,36,648.00
48596,48647,1,36,648.00
9850,9900,1,36,648.00
56929,56993,1,36,648.00
49238,49283,1,36,648.00
18821,18845,1,36,648.00
6369,6384,1,36,648.00
53012,53021,1,36,648.00
26902,26951,1,36,648.00
54161,54206,1,36,648.00
19620,19678,1,36,648.00
39311,39369,1,36,648.00
33867,33885,1,36,648.00
56638,56719,1,36,648.00
46370,46389,1,36,648.00
34967,35013,1,36,648.00
12002,12039,1,36,648.00
19994,20019,1,36,648.00
51592,51607,1,36,648.00
61907,61931,1,36,648.00
50124,50153,1,36,648.00
66623,66640,1,36,648.00
3188,3247,1,36,648.00
38716,38722,1,36,648.00
3487,3524,1,36,648.00
6398,6429,1,36,648.00
35650,35709,1,36,648.00
32273,32365,1,36,648.00
52676,52710,1,36,648.00
9437,9512,1,36,648.00
7358,7397,1,36,648.00
30836,30885,1,36,648.00
32589,32615,1,36,648.00
50644,50678,1,36,648.00
66128,66190,1,36,648.00
16760,16784,1,36,648.00
24167,24243,1,36,648.00
56324,56368,1,36,648.00
22085,22097,1,36,648.00
64246,64261,1,36,648.00
34401,34454,1,36,648.00
44248,44335,1,36,648.00
14064,14152,1,36,648.00
36914,36988,1,36,648.00
36640,36652,1,36,648.00
51537,51552,1,36,648.00
59209,59224,1,36,648.00
67494,67497,1,36,648.00
19359,19436,1,36,648.00
45199,45231,1,36,648.00
15257,15277,1,36,648.00
50267,50321,1,36,648.00
58215,58252,1,36,648.00
18227,18258,1,36,648.00
41542,41553,1,36,648.00
64913,64933,1,36,648.00
16550,16598,1,36,648.00
22150,22177,1,36,648.00
35024,35051,1,36,648.00
10595,10683,1,36,648.00
51044,51104,1,36,648.00
50173,50250,1,36,648.00
45408,45442,1,36,648.00
13510,13519,1,36,648.00
57365,57407,1,36,648.00
9973,9985,1,36,648.00
57121,57181,1,36,648.00
9367,9379,1,36,648.00
28864,28930,1,36,648.00
43146,43199,1,36,648.00
28143,28163,1,36,648.00
15096,15132,1,36,648.00
47319,47327,1,36,648.00
23891,23909,1,36,648.00
70639,70719,1,36,648.00
43286,43292,1,36,648.00
54212,54317,1,36,648.00
53162,53219,1,36,648.00
71042,71060,1,36,648.00
52868,52888,1,36,648.00
23854,23870,1,36,648.00
43694,43772,1,36,648.00
35759,35780,1,36,648.00
25407,25424,1,36,648.00
71460,71510,1,36,648.00
26979,27048,1,36,648.00
17496,17506,1,36,648.00
4403,4428,1,36,648.00
37043,37089,1,36,648.00
66487,66503,1,36,648.00
67008,67028,1,36,648.00
27982,28002,1,36,648.00
13352,13366,1,36,648.00
38398,38407,1,36,648.00
8810,8830,1,36,648.00
5453,5493,1,36,648.00
19964,20017,1,36,648.00
54142,54204,1,36,648.00
54183,54207,1,36,648.00
63233,63273,1,36,648.00
70324,70352,1,36,648.00
38623,38647,1,36,648.00
50442,50509,1,36,648.00
50033,50093,1,36,648.00
25959,25975,1,36,648.00
26427,26463,1,36,648.00
60209,60247,1,36,648.00
36946,36993,1,36,648.00
26057,26093,1,36,648.00
60493,60541,1,36,648.00
73000,73023,1,36,648.00
4731,4788,1,36,648.00
47475,47535,1,36,648.00
72114,72129,1,36,648.00
39079,39146,1,36,648.00
9423,9434,1,36,648.00
24381,24436,1,36,648.00
56344,56371,1,36,648.00
70299,70349,1,36,648.00
14027,14062,1,36,648.00
19558,19590,1,36,648.00
28908,28936,1,36,648.00
35255,35291,1,36,648.00
13003,13062,1,36,648.00
32868,32944,1,20,640.00
62523,62582,1,20,640.00
60562,60590,1,20,640.00
3891,3927,1,20,640.00
72984,73019,1,20,640.00
54855,54901,1,20,640.00
28424,28464,1,20,640.00
49102,49140,1,20,640.00
41021,41040,1,20,640.00
34726,34756,1,20,640.00
17880,17957,1,20,640.00
35341,35379,1,20,640.00
60662,60709,1,20,640.00
70187,70208,1,20,640.00
39347,39374,1,20,640.00
14476,14506,1,20,640.00
30062,30117,1,20,640.00
18078,18122,1,20,640.00
18545,18554,1,20,640.00
64785,64800,1,20,640.00
63629,63698,1,20,640.00
64100,64161,1,20,640.00
11622,11659,1,20,640.00
10399,10422,1,20,640.00
53947,53965,1,20,640.00
67886,67916,1,20,640.00
7066,7086,1,20,640.00
20852,20912,1,20,640.00
11143,11185,1,20,640.00
69743,69758,1,20,640.00
22692,22715,1,20,640.00
52095,52141,1,20,640.00
35455,35496,1,20,640.00
31213,31255,1,20,640.00
14543,14565,1,20,640.00
18910,18916,1,20,640.00
42819,42840,1,20,640.00
64514,64590,1,20,640.00
56440,56466,1,20,640.00
47763,47795,1,20,640.00
14183,14200,1,20,640.00
60348,60370,1,20,640.00
39114,39152,1,20,640.00
36523,36558,1,20,640.00
28087,28109,1,20,640.00
54305,54329,1,20,640.00
43516,43573,1,20,640.00
37569,37602,1,20,640.00
62587,62669,1,20,640.00
46650,46722,1,20,640.00
70013,70045,1,20,640.00
25526,25574,1,20,640.00
26116,26179,1,20,640.00
72669,72713,1,20,640.00
22670,22713,1,20,640.00
68686,68790,1,20,640.00
66649,66693,1,20,640.00
25482,25486,1,20,640.00
22795,22809,1,20,640.00
20809,20827,1,20,640.00
18138,18188,1,20,640.00
17678,17710,1,20,640.00
17326,17355,1,20,640.00
46710,46730,1,20,640.00
30714,30779,1,20,640.00
18056,18064,1,20,640.00
46891,46954,1,20,640.00
29525,29565,1,20,640.00
58830,58888,1,20,640.00
51874,51946,1,20,640.00
37663,37678,1,20,640.00
58157,58208,1,20,640.00
26871,26947,1,20,640.00
11567,11591,1,20,640.00
33836,33858,1,168,621.60
18059,18186,1,168,621.60
37084,37095,1,168,621.60
8414,8430,1,168,621.60
36541,36562,1,168,621.60
65634,65677,1,168,621.60
19623,19679,1,168,621.60
7168,7202,1,168,621.60
24479,24493,1,168,621.60
71046,71061,1,168,621.60
10059,10087,1,168,621.60
50241,50258,1,168,621.60
13880,13905,1,168,621.60
58346,58370,1,168,621.60
34222,34232,1,168,621.60
35558,35605,1,168,621.60
7181,7208,1,168,621.60
34873,34905,1,168,621.60
67243,67281,1,168,621.60
33248,33312,1,168,621.60
38928,38944,1,168,621.60
14669,14706,1,168,621.60
40931,40971,1,168,621.60
6039,6053,1,168,621.60
27190,27283,1,168,621.60
72138,72172,1,168,621.60
40036,40047,1,168,621.60
62593,62670,1,168,621.60
60198,60244,1,168,621.60
34087,34100,1,168,621.60
16814,16830,1,168,621.60
17107,17186,1,168,621.60
54207,54734,1,168,621.60
58875,58896,1,168,621.60
6696,6766,1,168,621.60
69365,69385,1,168,621.60
15755,15774,1,168,621.60
24558,24641,1,168,621.60
33668,33757,1,168,621.60
15397,15444,1,168,621.60
70033,70048,1,168,621.60
61816,61828,1,168,621.60
53206,53227,1,168,621.60
21093,21118,1,168,621.60
57959,58010,1,168,621.60
39637,39724,1,168,621.60
59371,59390,1,168,621.60
52447,52525,1,168,621.60
46374,46391,1,168,621.60
18376,18414,1,168,621.60
12538,12618,1,168,621.60
46386,46392,1,168,621.60
53190,53222,1,168,621.60
68548,68608,1,168,621.60
69437,69478,1,168,621.60
26354,26421,1,168,621.60
45754,45771,1,168,621.60
25890,25926,1,168,621.60
18509,18551,1,168,621.60
64939,65027,1,168,621.60
41339,41424,1,168,621.60
51544,51553,1,168,621.60
19454,19532,1,168,621.60
51355,51371,1,168,621.60
63994,64011,1,168,621.60
33814,33854,1,168,621.60
43872,43895,1,168,621.60
20244,20261,1,168,621.60
47458,47533,1,168,621.60
34373,34385,1,168,621.60
64186,64251,1,168,621.60
31761,31841,1,168,621.60
18813,18844,1,168,621.60
54498,54523,1,168,621.60
36121,36146,1,168,621.60
70880,70944,1,168,621.60
52847,52885,1,168,621.60
32159,32187,1,168,621.60
42661,42706,1,168,621.60
51759,51826,1,168,621.60
17223,17263,1,168,621.60
23368,23380,1,168,621.60
66519,66603,1,168,621.60
39576,39627,1,168,621.60
60883,60919,1,168,621.60
21381,21439,1,168,621.60
48130,48194,1,168,621.60
12250,12304,1,168,621.60
62542,62584,1,168,621.60
67268,67282,1,168,621.60
39863,39941,1,168,621.60
55829,55848,1,168,621.60
67950,67976,1,168,621.60
39698,39732,1,168,621.60
29761,29794,1,168,621.60
46631,46821,1,168,621.60
59065,59113,1,168,621.60
16668,16706,1,168,621.60
25313,25338,1,168,621.60
37213,37234,1,168,621.60
66055,66106,1,175,612.50
60458,60904,1,175,612.50
62487,62575,1,175,612.50
31465,31486,1,175,612.50
58041,58115,1,175,612.50
73175,73274,1,175,612.50
30057,30116,1,175,612.50
60844,60909,1,175,612.50
34499,34544,1,175,612.50
59478,59582,1,175,612.50
30916,30980,1,175,612.50
58331,58366,1,175,612.50
28898,28935,1,175,612.50
42253,42275,1,175,612.50
46623,46634,1,175,612.50
50900,50971,1,175,612.50
42499,42526,1,175,612.50
58583,58613,1,175,612.50
63494,63518,1,175,612.50
29929,29948,1,175,612.50
42321,42356,1,175,612.50
47363,47419,1,175,612.50
37726,37760,1,175,612.50
28312,28351,1,175,612.50
63205,63222,1,175,612.50
70769,70818,1,175,612.50
46475,64009,1,175,612.50
48913,48925,1,175,612.50
71991,72007,1,175,612.50
46666,46724,1,175,612.50
51641,51667,1,175,612.50
73359,73391,1,175,612.50
52481,52530,1,175,612.50
53063,53125,1,175,612.50
29081,29100,1,175,612.50
63389,63464,1,175,612.50
47059,47075,1,175,612.50
60661,60708,1,175,612.50
58700,59737,1,175,612.50
63151,63197,1,175,612.50
47265,47279,1,175,612.50
61224,61296,1,175,612.50
27385,27409,1,175,612.50
48975,49060,1,175,612.50
45407,45441,1,175,612.50
71491,71512,1,175,612.50
29625,29644,1,175,612.50
47379,47422,1,175,612.50
43604,43624,1,175,612.50
60693,60713,1,175,612.50
46139,46218,1,175,612.50
72799,72835,1,175,612.50
28418,28461,1,175,612.50
40745,40784,1,175,612.50
32150,32184,1,175,612.50
63400,63466,1,175,612.50
48374,48417,1,175,612.50
38213,38229,1,175,612.50
60866,60914,1,175,612.50
70139,70198,1,175,612.50
59003,59050,1,175,612.50
43320,43367,1,175,612.50
63409,63469,1,175,612.50
50638,50676,1,175,612.50
53828,53919,1,175,612.50
65610,65670,1,175,612.50
41806,41838,1,175,612.50
44155,44201,1,175,612.50
40097,40139,1,175,612.50
58091,58126,1,175,612.50
61547,61632,1,175,612.50
33,69,1,120,600.00
54877,54906,2,82,586.40
34,70,2,147,571.80
343,424,1,108,540.00
4562,4590,1,144,532.80
23794,23805,1,144,532.80
8338,8352,1,144,532.80
13066,13093,1,144,532.80
14501,14507,1,144,532.80
54134,54201,1,144,532.80
63261,63280,1,144,532.80
71807,71893,1,144,532.80
50774,50863,1,144,532.80
13692,13730,1,144,532.80
63336,63376,1,144,532.80
10394,10420,1,144,532.80
58831,58889,1,144,532.80
53967,54034,1,144,532.80
11256,11265,1,144,532.80
8029,8109,1,144,532.80
40956,40974,1,144,532.80
26379,26422,1,144,532.80
18850,18886,1,144,532.80
14462,14505,1,144,532.80
33333,33373,1,144,532.80
21114,21122,1,144,532.80
60715,60799,1,144,532.80
18781,18836,1,144,532.80
38153,38223,1,144,532.80
39231,39308,1,144,532.80
15883,15898,1,144,532.80
8217,8262,1,144,532.80
42975,43014,1,144,532.80
10306,10325,1,144,532.80
17973,18058,1,144,532.80
68811,68911,1,144,532.80
66654,66694,1,144,532.80
55465,55519,1,144,532.80
42617,42650,1,144,532.80
3910,3930,1,144,532.80
14731,14794,1,144,532.80
70751,70814,1,144,532.80
22469,25413,1,144,532.80
38705,38721,1,144,532.80
54623,54654,1,144,532.80
13423,13439,1,144,532.80
47599,47605,1,144,532.80
5582,5639,1,144,532.80
37763,37831,1,144,532.80
50191,50253,1,144,532.80
45893,45918,1,144,532.80
73106,73168,1,144,532.80
51661,51670,1,144,532.80
22586,22637,1,144,532.80
45255,45275,1,144,532.80
67195,67275,1,144,532.80
22472,22547,1,144,532.80
66501,66903,1,144,532.80
22874,22891,1,144,532.80
9495,9520,1,144,532.80
43020,43085,1,144,532.80
6221,6243,1,144,532.80
29487,29563,1,144,532.80
32918,32948,1,144,532.80
29245,29251,1,144,532.80
62070,62110,1,144,532.80
68845,68916,1,144,532.80
22519,22552,1,144,532.80
44126,44151,1,144,532.80
64739,64796,1,144,532.80
3881,3926,1,144,532.80
20396,20430,1,144,532.80
41436,41478,1,144,532.80
11479,11491,1,144,532.80
25989,26018,1,144,532.80
44986,45028,1,144,532.80
70852,70866,1,144,532.80
45202,45232,1,144,532.80
63113,63127,1,144,532.80
55610,55621,1,144,532.80
53602,53686,1,144,532.80
29853,29888,1,144,532.80
9171,9189,1,144,532.80
56849,56874,1,150,525.00
55421,55442,1,150,525.00
53488,53520,1,150,525.00
49427,49450,1,150,525.00
58531,58561,1,150,525.00
61735,61756,1,150,525.00
63246,63276,1,150,525.00
61131,61154,1,150,525.00
38596,38606,1,150,525.00
67938,67974,1,150,525.00
34609,34659,1,150,525.00
68180,68209,1,150,525.00
67400,67471,1,150,525.00
50356,50415,1,150,525.00
63500,63519,1,150,525.00
32761,32791,1,150,525.00
67315,67354,1,150,525.00
50649,50679,1,150,525.00
60641,60707,1,150,525.00
31205,31253,1,150,525.00
39840,39936,1,150,525.00
32100,32143,1,150,525.00
49369,49444,1,150,525.00
70748,70812,1,150,525.00
56001,56071,1,150,525.00
45902,45919,1,150,525.00
29610,29639,1,150,525.00
45463,45476,1,150,525.00
39954,39987,1,150,525.00
32606,32617,1,150,525.00
71383,71403,1,150,525.00
55049,55099,1,150,525.00
28236,28248,1,150,525.00
34302,34334,1,150,525.00
60449,60463,1,150,525.00
54864,54903,1,150,525.00
31315,31353,1,150,525.00
51996,52075,1,150,525.00
55420,55441,1,150,525.00
35695,35715,1,150,525.00
36730,36891,1,150,525.00
49585,49616,1,150,525.00
81,132,1,250,525.00
57733,57780,1,150,525.00
72629,72631,1,150,525.00
33577,33588,1,150,525.00
49494,49559,1,150,525.00
73486,73505,1,150,525.00
32545,32569,1,150,525.00
41863,41904,1,150,525.00
37288,37320,1,150,525.00
52236,52316,1,150,525.00
39100,39148,1,150,525.00
42963,43013,1,150,525.00
34099,34380,1,150,525.00
55451,55518,1,150,525.00
37658,37677,1,150,525.00
40231,40304,1,150,525.00
48761,48786,1,150,525.00
39778,39830,1,150,525.00
41458,41481,1,150,525.00
64405,64500,1,150,525.00
29426,29460,1,150,525.00
59227,59264,1,150,525.00
35839,35896,1,150,525.00
28385,28456,1,150,525.00
52393,52412,1,150,525.00
27492,27519,1,150,525.00
109,143,1,40,500.00
36,72,2,141,463.20
21054,21078,1,120,444.00
27576,27629,1,120,444.00
71905,71996,1,120,444.00
9976,9987,1,120,444.00
35002,35019,1,120,444.00
26793,26814,1,120,444.00
29401,29456,1,120,444.00
47675,47717,1,120,444.00
45430,45446,1,120,444.00
57173,57186,1,120,444.00
54780,54801,1,120,444.00
69395,69473,1,120,444.00
55434,55444,1,120,444.00
65350,65366,1,120,444.00
20452,20499,1,120,444.00
61062,61152,1,120,444.00
59345,59386,1,120,444.00
5683,5686,1,120,444.00
33492,33510,1,120,444.00
31276,31349,1,120,444.00
14136,14162,1,120,444.00
33931,33999,1,120,444.00
4454,4471,1,120,444.00
46489,46555,1,120,444.00
8067,8106,1,120,444.00
48827,48833,1,120,444.00
69777,69811,1,120,444.00
57027,57041,1,120,444.00
65614,65671,1,120,444.00
50981,51041,1,120,444.00
50790,50866,1,120,444.00
71317,71395,1,120,444.00
42431,42469,1,120,444.00
23580,23616,1,120,444.00
7274,7329,1,120,444.00
28522,28581,1,120,444.00
5697,5759,1,120,444.00
5335,5403,1,120,444.00
35954,35979,1,120,444.00
7605,7617,1,120,444.00
26546,26564,1,120,444.00
45367,45437,1,120,444.00
30571,30630,1,120,444.00
25527,25575,1,120,444.00
5222,5235,1,120,444.00
28136,28162,1,120,444.00
37422,37479,1,120,444.00
62706,62755,1,120,444.00
13154,13194,1,120,444.00
10990,11009,1,120,444.00
59173,59219,1,120,444.00
69678,69751,1,120,444.00
19242,19270,1,120,444.00
21528,21556,1,120,444.00
73192,73276,1,120,444.00
18109,18126,1,120,444.00
58172,58210,1,120,444.00
40084,40137,1,120,444.00
16339,16370,1,120,444.00
14362,14408,1,120,444.00
48387,48421,1,120,444.00
62558,62585,1,120,444.00
37855,37891,1,120,444.00
47821,47835,1,120,444.00
49300,49345,1,120,444.00
53936,53963,1,120,444.00
20566,20578,1,120,444.00
27079,27144,1,120,444.00
26500,26560,1,120,444.00
73368,73394,1,120,444.00
58705,58786,1,120,444.00
26290,26321,1,120,444.00
39971,39990,1,120,444.00
18655,18714,1,120,444.00
6438,6520,1,120,444.00
64273,64375,1,120,444.00
53735,53809,1,120,444.00
36641,36653,1,120,444.00
17572,17579,1,120,444.00
24001,24047,1,120,444.00
24483,24495,1,120,444.00
61890,61930,1,120,444.00
279,319,1,108,442.80
69110,69158,1,125,437.50
43961,43978,1,125,437.50
43228,43244,1,125,437.50
35049,35054,1,125,437.50
58373,58397,1,125,437.50
53714,53807,1,125,437.50
62979,62991,1,125,437.50
36838,36893,1,125,437.50
51746,51822,1,125,437.50
58673,58697,1,125,437.50
52517,52538,1,125,437.50
58603,58617,1,125,437.50
57446,57458,1,125,437.50
30734,30782,1,125,437.50
37818,37836,1,125,437.50
33637,33659,1,125,437.50
36466,36501,1,125,437.50
71431,71504,1,125,437.50
54412,54513,1,125,437.50
36269,36345,1,125,437.50
39252,39309,1,125,437.50
61037,61063,1,125,437.50
45511,45551,1,125,437.50
56904,56990,1,125,437.50
65528,65574,1,125,437.50
58593,58615,1,125,437.50
67333,67357,1,125,437.50
35985,36044,1,125,437.50
65168,65224,1,125,437.50
65929,65967,1,125,437.50
73473,73501,1,125,437.50
43239,43246,1,125,437.50
60567,60591,1,125,437.50
42986,43016,1,125,437.50
66462,66498,1,125,437.50
59042,59053,1,125,437.50
45183,45230,1,125,437.50
71459,71509,1,125,437.50
51055,51106,1,125,437.50
36282,36349,1,125,437.50
48949,48970,1,125,437.50
61673,61751,1,125,437.50
43362,43372,1,125,437.50
55094,55106,1,125,437.50
69531,69584,1,125,437.50
30484,30500,1,125,437.50
71161,71209,1,125,437.50
40025,40046,1,125,437.50
27696,27766,1,125,437.50
57502,57550,1,125,437.50
7501,7524,1,24,432.00
59297,59377,1,24,432.00
24286,24352,1,24,432.00
48573,48590,1,24,432.00
28813,28833,1,24,432.00
30392,30421,1,24,432.00
28619,28659,1,24,432.00
61537,61630,1,24,432.00
30693,30775,1,24,432.00
39521,39566,1,24,432.00
32804,32858,1,24,432.00
47398,47427,1,24,432.00
27797,27877,1,24,432.00
41013,41037,1,24,432.00
9477,9517,1,24,432.00
61958,62005,1,24,432.00
49003,49063,1,24,432.00
54579,54603,1,24,432.00
60739,60803,1,24,432.00
56497,56519,1,24,432.00
73005,73025,1,24,432.00
45409,45443,1,24,432.00
56110,56140,1,24,432.00
56149,56196,1,24,432.00
53465,53514,1,24,432.00
16520,16593,1,24,432.00
10978,11008,1,24,432.00
48364,48414,1,24,432.00
16538,16596,1,24,432.00
30173,30212,1,24,432.00
65873,65907,1,24,432.00
50437,50507,1,24,432.00
45733,45769,1,24,432.00
30703,30776,1,24,432.00
41964,41993,1,24,432.00
56155,56197,1,24,432.00
53186,53220,1,24,432.00
64938,65026,1,24,432.00
11065,11111,1,24,432.00
32508,32565,1,24,432.00
45892,45917,1,24,432.00
54293,54327,1,24,432.00
57374,57408,1,24,432.00
65971,66016,1,24,432.00
24162,24241,1,24,432.00
6158,6185,1,24,432.00
42810,42818,1,24,432.00
26381,26423,1,24,432.00
63552,63587,1,24,432.00
26205,26258,1,24,432.00
68825,68914,1,24,432.00
47411,47428,1,24,432.00
7551,7589,1,24,432.00
36307,36351,1,24,432.00
7887,7912,1,24,432.00
6920,6942,1,24,432.00
53593,53685,1,24,432.00
44153,44200,1,24,432.00
30194,30214,1,24,432.00
47087,47171,1,24,432.00
26303,26324,1,24,432.00
58440,58446,1,24,432.00
35328,35337,1,24,432.00
70317,70351,1,24,432.00
33566,33587,1,24,432.00
28886,28933,1,24,432.00
43216,43242,1,24,432.00
44447,44492,1,24,432.00
64224,64257,1,24,432.00
40524,40561,1,24,432.00
62656,62680,1,24,432.00
44759,44864,1,24,432.00
18507,18550,1,24,432.00
17907,17962,1,24,432.00
52119,52143,1,24,432.00
69103,69157,1,24,432.00
59046,59054,1,24,432.00
27839,27883,1,24,432.00
35431,35491,1,24,432.00
23613,23622,1,24,432.00
35809,35834,1,24,432.00
36406,36435,1,24,432.00
57895,57943,1,24,432.00
59446,59469,1,24,432.00
71959,72003,1,24,432.00
12062,12083,1,24,432.00
59325,59380,1,24,432.00
59293,59375,1,24,432.00
43276,43291,1,24,432.00
43755,43780,1,24,432.00
54580,54604,1,24,432.00
70990,71025,1,24,432.00
26226,26262,1,24,432.00
46481,46554,1,24,432.00
23263,23282,1,24,432.00
12494,12538,1,24,432.00
53484,53517,1,24,432.00
22290,22305,1,24,432.00
60194,60243,1,24,432.00
4495,4583,1,24,432.00
61443,61496,1,24,432.00
59929,59975,1,24,432.00
66681,66696,1,24,432.00
55330,55344,1,24,432.00
35193,35241,1,24,432.00
36264,36344,1,24,432.00
35177,35236,1,24,432.00
7867,7915,1,24,432.00
7956,7995,1,24,432.00
51056,51107,1,24,432.00
42591,42646,1,24,432.00
5213,5230,1,24,432.00
14698,14708,1,24,432.00
51899,51950,1,24,432.00
16397,16404,1,24,432.00
19880,19915,1,24,432.00
67162,67271,1,24,432.00
16474,16508,1,24,432.00
7322,7336,1,24,432.00
65295,65357,1,24,432.00
3984,4005,1,24,432.00
18110,18127,1,24,432.00
45836,45914,1,24,432.00
3646,3679,1,24,432.00
31131,31159,1,24,432.00
69731,69755,1,24,432.00
54838,54899,1,24,432.00
5275,5311,1,24,432.00
26856,26945,1,24,432.00
50766,50861,1,24,432.00
62642,62678,1,24,432.00
49718,49737,1,24,432.00
62477,62572,1,24,432.00
8426,8433,1,24,432.00
34854,34901,1,24,432.00
22147,22176,1,24,432.00
36025,36049,1,24,432.00
44610,44654,1,24,432.00
53720,53808,1,24,432.00
33694,33763,1,24,432.00
45673,45759,1,24,432.00
21682,21721,1,24,432.00
8956,9033,1,24,432.00
64847,64875,1,24,432.00
30876,30889,1,24,432.00
27218,27286,1,24,432.00
13680,13729,1,24,432.00
72551,72586,1,24,432.00
1783,1787,1,24,432.00
45757,45772,1,24,432.00
38463,38506,1,24,432.00
10398,10421,1,24,432.00
62959,62988,1,24,432.00
28341,28354,1,24,432.00
44063,44139,1,24,432.00
31461,31485,1,24,432.00
23286,23325,1,24,432.00
26252,26267,1,24,432.00
26442,26466,1,24,432.00
24921,25003,1,24,432.00
58832,58890,1,24,432.00
69592,69630,1,24,432.00
50563,50624,1,24,432.00
31257,31348,1,24,432.00
33000,33040,1,24,432.00
33968,34000,1,24,432.00
7942,7991,1,24,432.00
18349,18376,1,24,432.00
18132,18187,1,24,432.00
11597,11657,1,24,432.00
11154,11189,1,24,432.00
51583,51605,1,24,432.00
18799,18841,1,24,432.00
44396,44412,1,24,432.00
31545,31568,1,24,432.00
31378,31411,1,24,432.00
38057,38066,1,24,432.00
72038,72052,1,24,432.00
15652,15707,1,24,432.00
12458,12533,1,24,432.00
37975,38009,1,24,432.00
73406,73425,1,24,432.00
25979,26017,1,24,432.00
63041,63056,1,24,432.00
59104,59120,1,24,432.00
26227,26263,1,24,432.00
9,51,1,24,432.00
47833,47836,1,24,432.00
26989,27052,1,24,432.00
63549,63584,1,24,432.00
48580,48592,1,24,432.00
28157,28164,1,24,432.00
28838,28928,1,24,432.00
26342,26419,1,24,432.00
41680,41718,1,24,432.00
69959,70039,1,24,432.00
72077,72127,1,24,432.00
63272,63283,1,24,432.00
9457,9513,1,24,432.00
25893,25927,1,24,432.00
56766,56802,1,24,432.00
8571,8611,1,24,432.00
8752,8797,1,24,432.00
38616,38646,1,24,432.00
3315,3323,1,24,432.00
58855,58894,1,24,432.00
59335,59383,1,24,432.00
70788,70821,1,24,432.00
39930,39951,1,24,432.00
1922,1953,1,24,432.00
65804,65850,1,24,432.00
63551,63586,1,24,432.00
60847,60911,1,24,432.00
9867,9903,1,24,432.00
13413,13437,1,24,432.00
8535,8551,1,24,432.00
66060,66108,1,24,432.00
58433,58445,1,24,432.00
61102,61113,1,24,432.00
31614,31624,1,24,432.00
63819,63853,1,24,432.00
65495,65570,1,24,432.00
32338,32374,1,24,432.00
30709,30778,1,24,432.00
10572,10594,1,24,432.00
22261,22301,1,24,432.00
44611,44655,1,24,432.00
1590,1607,1,24,432.00
71828,71895,1,24,432.00
26438,26465,1,24,432.00
36175,36215,1,24,432.00
21653,21664,1,24,432.00
47631,47709,1,24,432.00
31678,31749,1,24,432.00
19384,19438,1,24,432.00
42927,43009,1,24,432.00
45669,45758,1,24,432.00
21507,21553,1,24,432.00
57752,57784,1,24,432.00
30682,30689,1,24,432.00
58054,58117,1,24,432.00
854,859,1,24,432.00
17867,17875,1,24,432.00
39874,39944,1,24,432.00
44363,44408,1,24,432.00
69046,69092,1,24,432.00
67234,67280,1,24,432.00
37532,37553,1,24,432.00
36657,36730,1,24,432.00
1553,1604,1,24,432.00
50813,50869,1,24,432.00
10710,10781,1,24,432.00
51582,51604,1,24,432.00
18580,18628,1,24,432.00
25363,25419,1,24,432.00
66772,66825,1,24,432.00
12203,12211,1,24,432.00
9427,9435,1,24,432.00
8269,8345,1,24,432.00
14123,14160,1,24,432.00
44745,44756,1,24,432.00
6817,6835,1,24,432.00
62632,62676,1,24,432.00
23339,23377,1,24,432.00
56217,56287,1,24,432.00
34880,34909,1,24,432.00
53628,53688,1,24,432.00
59174,59220,1,24,432.00
43335,43370,1,24,432.00
34317,34338,1,24,432.00
6508,6524,1,24,432.00
5151,5228,1,24,432.00
73309,73382,1,24,432.00
71687,71781,1,24,432.00
31192,31251,1,24,432.00
31359,31410,1,24,432.00
72227,72273,1,24,432.00
41153,41177,1,24,432.00
32071,32078,1,24,432.00
23513,23540,1,24,432.00
23583,23617,1,24,432.00
54663,54735,1,24,432.00
25276,25331,1,24,432.00
10055,10086,1,24,432.00
9998,10044,1,24,432.00
14234,14315,1,24,432.00
43440,43493,1,24,432.00
52621,52651,1,24,432.00
24682,24728,1,24,432.00
9226,9275,1,24,432.00
52374,52392,1,24,432.00
19433,19442,1,24,432.00
30559,30627,1,24,432.00
69370,69386,1,24,432.00
5028,5092,1,24,432.00
64320,64382,1,24,432.00
13163,13195,1,24,432.00
39644,39725,1,24,432.00
19368,19437,1,24,432.00
19769,19778,1,24,432.00
57557,57656,1,24,432.00
66159,66194,1,24,432.00
12509,12541,1,24,432.00
21872,21961,1,24,432.00
23928,23957,1,24,432.00
42625,42651,1,24,432.00
33147,33169,1,24,432.00
68927,69029,1,24,432.00
69596,69631,1,24,432.00
19763,19777,1,24,432.00
39977,39991,1,24,432.00
40004,40042,1,24,432.00
41363,41426,1,24,432.00
16398,16405,1,24,432.00
14257,14317,1,24,432.00
26895,26949,1,24,432.00
26847,26853,1,24,432.00
42419,42466,1,24,432.00
23579,23615,1,24,432.00
9330,9375,1,24,432.00
44128,44152,1,24,432.00
24655,24667,1,24,432.00
27318,27351,1,24,432.00
7459,7520,1,24,432.00
68736,68796,1,24,432.00
3783,3800,1,24,432.00
7821,7917,1,24,432.00
25752,25768,1,24,432.00
2337,2353,1,24,432.00
22444,22468,1,24,432.00
69136,69163,1,24,432.00
69009,69038,1,24,432.00
53756,53811,1,24,432.00
35687,35714,1,24,432.00
19286,19288,1,24,432.00
66215,66246,1,24,432.00
58296,58363,1,24,432.00
55171,55245,1,24,432.00
70585,70604,1,24,432.00
67508,67608,1,24,432.00
66161,66195,1,24,432.00
5088,5093,1,24,432.00
18335,18375,1,24,432.00
57462,57544,1,24,432.00
2274,2311,1,24,432.00
63939,63966,1,24,432.00
5714,5762,1,24,432.00
7754,7774,1,24,432.00
16190,16196,1,24,432.00
13945,13974,1,24,432.00
47432,47529,1,24,432.00
56675,56721,1,24,432.00
58948,58956,1,24,432.00
69577,69591,1,24,432.00
25320,25339,1,24,432.00
40920,40969,1,24,432.00
66618,66639,1,24,432.00
39998,40039,1,24,432.00
40129,40141,1,24,432.00
33073,33083,1,24,432.00
65650,65678,1,24,432.00
33324,33372,1,24,432.00
21953,21969,1,24,432.00
2212,2269,1,24,432.00
56211,56285,1,24,432.00
9561,9615,1,24,432.00
8101,8108,1,24,432.00
34872,34904,1,24,432.00
66988,67025,1,24,432.00
8187,8259,1,24,432.00
42572,42643,1,24,432.00
21238,21250,1,24,432.00
61760,61818,1,24,432.00
70561,70601,1,24,432.00
26059,26094,1,24,432.00
44,79,1,84,420.00
364,420,1,84,420.00
126,152,1,100,410.00
181,223,1,90,405.00
124,151,1,96,393.60
204,233,2,133,387.25
187,226,1,130,377.00
42112,42196,1,96,355.20
61555,61633,1,96,355.20
57736,57781,1,96,355.20
64341,64389,1,96,355.20
15885,15899,1,96,355.20
52092,52140,1,96,355.20
44816,44871,1,96,355.20
25088,25109,1,96,355.20
64860,64879,1,96,355.20
4464,4472,1,96,355.20
56023,56073,1,96,355.20
38370,38404,1,96,355.20
23629,23692,1,96,355.20
21922,21966,1,96,355.20
9974,9986,1,96,355.20
6030,6052,1,96,355.20
40371,40381,1,96,355.20
45907,45920,1,96,355.20
18705,18717,1,96,355.20
14509,14562,1,96,355.20
34530,34547,1,96,355.20
65162,65223,1,96,355.20
27334,27352,1,96,355.20
55788,55839,1,96,355.20
51428,51433,1,96,355.20
21172,21225,1,96,355.20
31298,31351,1,96,355.20
16984,17049,1,96,355.20
42842,42919,1,96,355.20
48234,48303,1,96,355.20
51235,51278,1,96,355.20
41015,41039,1,96,355.20
17560,17578,1,96,355.20
8076,8110,1,96,355.20
6174,6188,1,96,355.20
45721,45767,1,96,355.20
29038,29098,1,96,355.20
64163,64249,1,96,355.20
13969,14196,1,96,355.20
48804,48831,1,96,355.20
38643,38654,1,96,355.20
52369,52390,1,96,355.20
47243,47275,1,96,355.20
73264,73283,1,96,355.20
12709,12716,1,96,355.20
30903,30979,1,96,355.20
60756,60807,1,96,355.20
45465,45477,1,96,355.20
35254,35290,1,96,355.20
55964,56064,1,96,355.20
17597,17668,1,96,355.20
71552,71586,1,96,355.20
56472,56518,1,96,355.20
48249,48305,1,96,355.20
31628,31674,1,96,355.20
55823,55845,1,96,355.20
23879,23908,1,96,355.20
50881,50969,1,96,355.20
15933,15991,1,96,355.20
16446,16467,1,96,355.20
4540,4589,1,96,355.20
62852,62904,1,96,355.20
51763,51827,1,96,355.20
24326,24354,1,96,355.20
47737,47792,1,96,355.20
56213,56286,1,96,355.20
49160,49201,1,96,355.20
48996,49062,1,96,355.20
65757,65793,1,96,355.20
65624,65673,1,96,355.20
27951,27963,1,96,355.20
53453,53512,1,96,355.20
27231,27288,1,96,355.20
69280,69299,1,96,355.20
51134,51149,1,96,355.20
48367,48415,1,96,355.20
56776,56804,1,100,350.00
37471,37487,1,100,350.00
37327,37411,1,100,350.00
40924,40970,1,100,350.00
66094,66112,1,100,350.00
30271,30332,1,100,350.00
71602,71663,1,100,350.00
64236,64258,1,100,350.00
28466,28737,1,100,350.00
45713,45764,1,100,350.00
55401,55438,1,100,350.00
51245,51280,1,100,350.00
43387,43431,1,100,350.00
72075,72125,1,100,350.00
52038,52081,1,100,350.00
39517,39565,1,100,350.00
27564,27627,1,100,350.00
41283,41317,1,100,350.00
27722,27769,1,100,350.00
30594,30632,1,100,350.00
56683,56723,1,100,350.00
34977,35015,1,100,350.00
54138,54203,1,100,350.00
62409,62464,1,100,350.00
58036,58114,1,100,350.00
53289,53326,1,100,350.00
41917,41957,1,100,350.00
37060,37091,1,100,350.00
64338,64387,1,100,350.00
66285,66288,1,100,350.00
38733,38758,1,100,350.00
38439,38502,1,100,350.00
37404,37418,1,100,350.00
50624,50860,1,100,350.00
45269,45278,1,100,350.00
38628,38650,1,100,350.00
40871,40919,1,100,350.00
68969,69036,1,100,350.00
63983,64010,1,100,350.00
53864,53925,1,100,350.00
29268,29351,1,100,350.00
51225,51275,1,100,350.00
29371,29376,1,100,350.00
63326,63374,1,100,350.00
30933,30981,1,100,350.00
52164,52210,1,100,350.00
43298,43366,1,100,350.00
50309,50330,1,100,350.00
47842,47915,1,100,350.00
57426,57455,1,100,350.00
63610,63622,1,100,350.00
50125,50154,1,100,350.00
56025,56074,1,100,350.00
65136,65165,1,100,350.00
68779,68802,1,100,350.00
72094,72128,1,100,350.00
63021,63052,1,100,350.00
52019,52076,1,10,320.00
6135,6184,1,10,320.00
65565,65579,1,10,320.00
67463,67478,1,10,320.00
48462,48530,1,10,320.00
20094,20115,1,10,320.00
53239,53318,1,10,320.00
53187,53221,1,10,320.00
35479,35497,1,10,320.00
67423,67474,1,10,320.00
13379,13433,1,10,320.00
42140,42199,1,10,320.00
33582,33589,1,10,320.00
58078,58123,1,10,320.00
43837,43893,1,10,320.00
29608,29638,1,10,320.00
39870,39943,1,10,320.00
56545,56625,1,10,320.00
16776,16785,1,10,320.00
67625,67713,1,10,320.00
61955,62004,1,10,320.00
59950,59976,1,10,320.00
64586,64600,1,10,320.00
64694,64704,1,10,320.00
30565,30628,1,10,320.00
63651,63700,1,10,320.00
53198,53225,1,10,320.00
42768,42816,1,10,320.00
33148,33170,1,10,320.00
25459,25485,1,10,320.00
15115,15135,1,10,320.00
48380,48419,1,10,320.00
50456,50513,1,10,320.00
42446,42471,1,10,320.00
10661,10689,1,10,320.00
39896,39947,1,10,320.00
26011,26020,1,10,320.00
35518,35551,1,10,320.00
17659,17672,1,10,320.00
13668,13672,1,10,320.00
9179,9191,1,10,320.00
29417,29459,1,10,320.00
407,426,1,9,288.00
307,325,1,9,288.00
39,74,1,100,274.00
6048,6056,1,72,266.40
28839,28929,1,72,266.40
62143,62160,1,72,266.40
67655,67720,1,72,266.40
67850,67909,1,72,266.40
61796,61821,1,72,266.40
28948,28967,1,72,266.40
21942,21968,1,72,266.40
5996,6009,1,72,266.40
57262,57332,1,72,266.40
50768,50862,1,72,266.40
57804,57824,1,72,266.40
43109,43195,1,72,266.40
58412,58444,1,72,266.40
54554,54599,1,72,266.40
52033,52080,1,72,266.40
42515,42529,1,72,266.40
25355,25416,1,72,266.40
46298,46334,1,72,266.40
71842,71896,1,72,266.40
33304,33317,1,72,266.40
30739,30784,1,72,266.40
5755,5770,1,72,266.40
66113,66188,1,72,266.40
51776,51830,1,72,266.40
73009,73026,1,72,266.40
44917,44956,1,72,266.40
60297,60363,1,72,266.40
46158,46221,1,72,266.40
58819,58828,1,72,266.40
41080,41112,1,72,266.40
33750,33772,1,72,266.40
39763,39828,1,72,266.40
48952,48971,1,72,266.40
57570,57660,1,72,266.40
10136,10146,1,72,266.40
16008,16034,1,72,266.40
50403,50420,1,72,266.40
66027,66105,1,72,266.40
27836,27882,1,72,266.40
69322,69382,1,72,266.40
60446,60462,1,72,266.40
44509,44556,1,72,266.40
37165,37229,1,72,266.40
17161,17191,1,72,266.40
61807,61824,1,72,266.40
71126,71205,1,72,266.40
56124,56144,1,72,266.40
47376,47421,1,72,266.40
73335,73388,1,72,266.40
10060,10088,1,72,266.40
66820,66830,1,72,266.40
21995,22010,1,72,266.40
28780,28828,1,72,266.40
44744,44755,1,72,266.40
5193,5224,1,72,266.40
8811,8831,1,72,266.40
66387,66397,1,72,266.40
10,52,1,72,266.40
5865,5899,1,72,266.40
69315,69381,1,72,266.40
26121,26181,1,72,266.40
67777,67825,1,72,266.40
22362,22391,1,72,266.40
49514,49563,1,72,266.40
35,71,2,14,266.00
56118,56142,1,75,262.50
29576,29634,1,75,262.50
38781,38859,1,75,262.50
51338,51368,1,75,262.50
54865,54904,1,75,262.50
71202,71213,1,75,262.50
51319,51366,1,75,262.50
57138,57183,1,75,262.50
29612,29641,1,75,262.50
68437,68486,1,75,262.50
59993,60041,1,75,262.50
51087,51111,1,75,262.50
51440,51513,1,75,262.50
29572,29633,1,75,262.50
39889,39946,1,75,262.50
41503,41528,1,75,262.50
44933,44957,1,75,262.50
38044,38063,1,75,262.50
57814,57825,1,75,262.50
47155,47178,1,75,262.50
65633,65676,1,75,262.50
49538,49566,1,75,262.50
37996,38011,1,75,262.50
38959,38982,1,75,262.50
56108,56139,1,75,262.50
53204,53226,1,75,262.50
60093,60139,1,75,262.50
47721,47791,1,75,262.50
44479,44495,1,75,262.50
56923,56992,1,75,262.50
61987,62010,1,75,262.50
41124,41175,1,75,262.50
52617,52649,1,75,262.50
67138,67158,1,75,262.50
39868,39942,1,75,262.50
62501,62579,1,75,262.50
30310,30335,1,75,262.50
41980,41995,1,75,262.50
41713,41725,1,75,262.50
56744,56800,1,75,262.50
64803,64872,1,75,262.50
64716,64794,1,75,262.50
51253,51282,1,75,262.50
67417,67473,1,75,262.50
130,153,1,60,258.00
158,212,1,8,256.00
268,277,1,225,249.75
361,423,1,48,240.00
366,419,1,7,224.00
61559,61634,1,12,216.00
45299,45372,1,12,216.00
32406,32413,1,12,216.00
11307,11318,1,12,216.00
35604,35608,1,12,216.00
3763,3796,1,12,216.00
37427,37481,1,12,216.00
4942,4955,1,12,216.00
41678,41717,1,12,216.00
52057,52082,1,12,216.00
62887,62908,1,12,216.00
52514,52537,1,12,216.00
23667,23698,1,12,216.00
8648,8661,1,12,216.00
40061,40135,1,12,216.00
51455,51516,1,12,216.00
18439,18458,1,12,216.00
31823,31850,1,12,216.00
58158,58209,1,12,216.00
43705,43774,1,12,216.00
30813,30880,1,12,216.00
39978,39992,1,12,216.00
34597,34657,1,12,216.00
22624,22641,1,12,216.00
20649,20673,1,12,216.00
801,866,1,12,216.00
15454,15490,1,12,216.00
42342,42359,1,12,216.00
70254,70345,1,12,216.00
32464,32491,1,12,216.00
29835,29846,1,12,216.00
50616,50633,1,12,216.00
51474,51517,1,12,216.00
21397,21441,1,12,216.00
4837,4886,1,12,216.00
53800,53821,1,12,216.00
23707,23745,1,12,216.00
25253,25329,1,12,216.00
44915,44955,1,12,216.00
48960,48972,1,12,216.00
44784,44865,1,12,216.00
46908,46956,1,12,216.00
64002,64015,1,12,216.00
65848,65860,1,12,216.00
30620,30636,1,12,216.00
40891,40920,1,12,216.00
52461,52529,1,12,216.00
12689,12714,1,12,216.00
53037,53120,1,12,216.00
62634,62677,1,12,216.00
62491,62576,1,12,216.00
47153,47177,1,12,216.00
57085,57091,1,12,216.00
30405,30424,1,12,216.00
4936,4956,1,12,216.00
19755,19775,1,12,216.00
35317,35333,1,12,216.00
11978,11985,1,12,216.00
12603,12624,1,12,216.00
34292,34332,1,12,216.00
12355,12375,1,12,216.00
29441,29462,1,12,216.00
3986,4006,1,12,216.00
25964,25977,1,12,216.00
58598,58616,1,12,216.00
3032,3069,1,12,216.00
19406,19440,1,12,216.00
31820,31849,1,12,216.00
36592,36608,1,12,216.00
35222,35246,1,12,216.00
28172,28240,1,12,216.00
68164,68206,1,12,216.00
34413,34457,1,12,216.00
8378,8429,1,12,216.00
48575,48591,1,12,216.00
33672,33758,1,12,216.00
42065,42094,1,12,216.00
45992,46050,1,12,216.00
39631,39723,1,12,216.00
55278,55341,1,12,216.00
16156,16194,1,12,216.00
46279,46330,1,12,216.00
49484,49558,1,12,216.00
22866,22890,1,12,216.00
5171,5223,1,12,216.00
67327,67356,1,12,216.00
3455,3521,1,12,216.00
27272,27294,1,12,216.00
53079,53130,1,12,216.00
38048,38064,1,12,216.00
62301,62349,1,12,216.00
67678,67722,1,12,216.00
48403,48426,1,12,216.00
62622,62673,1,12,216.00
38752,38760,1,12,216.00
65973,66017,1,12,216.00
54859,54902,1,12,216.00
43363,43373,1,12,216.00
31800,31847,1,12,216.00
12778,12804,1,12,216.00
8812,8832,1,12,216.00
59862,59896,1,12,216.00
28945,28965,1,12,216.00
29645,29720,1,12,216.00
17444,17453,1,12,216.00
28725,28742,1,12,216.00
32836,32864,1,12,216.00
46323,46336,1,12,216.00
46533,46562,1,12,216.00
49967,49997,1,12,216.00
67921,67973,1,12,216.00
4764,4793,1,12,216.00
32066,32077,1,12,216.00
16157,16195,1,12,216.00
65045,65070,1,12,216.00
62002,62013,1,12,216.00
49041,49067,1,12,216.00
43685,43771,1,12,216.00
27591,27631,1,12,216.00
44097,44145,1,12,216.00
41028,41042,1,12,216.00
7957,7993,1,12,216.00
2851,2893,1,12,216.00
44116,44148,1,12,216.00
72961,72965,1,12,216.00
51845,51942,1,12,216.00
56117,56141,1,12,216.00
67307,67353,1,12,216.00
63050,63057,1,12,216.00
68010,68054,1,12,216.00
68017,68055,1,12,216.00
62608,62672,1,12,216.00
25740,25765,1,12,216.00
56177,56199,1,12,216.00
22056,22095,1,12,216.00
41062,41109,1,12,216.00
32442,32488,1,12,216.00
66792,66827,1,12,216.00
60274,60361,1,12,216.00
60894,60921,1,12,216.00
15186,15217,1,12,216.00
54998,55016,1,12,216.00
55083,55103,1,12,216.00
19517,19539,1,12,216.00
10281,10324,1,12,216.00
69183,69197,1,12,216.00
59985,60040,1,12,216.00
54442,54515,1,12,216.00
24767,24805,1,12,216.00
20411,20433,1,12,216.00
39584,39628,1,12,216.00
21359,21438,1,12,216.00
52340,52385,1,12,216.00
52373,52391,1,12,216.00
60450,60464,1,12,216.00
9078,9118,1,12,216.00
53877,53927,1,12,216.00
44811,44869,1,12,216.00
46918,46959,1,12,216.00
55994,56069,1,12,216.00
16691,16709,1,12,216.00
61205,61211,1,12,216.00
39495,39562,1,12,216.00
37062,37092,1,12,216.00
48494,48534,1,12,216.00
36955,36994,1,12,216.00
797,861,1,12,216.00
50529,50620,1,12,216.00
70392,70456,1,12,216.00
31912,31952,1,12,216.00
70892,70946,1,12,216.00
48111,48191,1,12,216.00
27595,27633,1,12,216.00
40277,40308,1,12,216.00
67284,67350,1,12,216.00
19059,19067,1,12,216.00
42584,42645,1,12,216.00
45710,45762,1,12,216.00
60353,60372,1,12,216.00
62033,62106,1,12,216.00
8453,8468,1,12,216.00
36474,36502,1,12,216.00
3880,3925,1,12,216.00
2927,2933,1,12,216.00
22052,22093,1,12,216.00
72543,72584,1,12,216.00
50238,50257,1,12,216.00
43222,43243,1,12,216.00
26988,27051,1,12,216.00
71089,71103,1,12,216.00
57532,57554,1,12,216.00
11481,11492,1,12,216.00
33541,33583,1,12,216.00
65255,65280,1,12,216.00
9747,9760,1,12,216.00
30393,30422,1,12,216.00
46862,46883,1,12,216.00
39528,39568,1,12,216.00
1927,1952,1,12,216.00
60938,60964,1,12,216.00
19387,19439,1,12,216.00
9692,9756,1,12,216.00
18118,18128,1,12,216.00
54566,54602,1,12,216.00
58681,58699,1,12,216.00
59295,59376,1,12,216.00
15006,15018,1,12,216.00
10313,10327,1,12,216.00
69742,69757,1,12,216.00
11128,11184,1,12,216.00
72988,73020,1,12,216.00
64698,64705,1,12,216.00
40819,40916,1,12,216.00
53350,53382,1,12,216.00
14990,15014,1,12,216.00
23855,23871,1,12,216.00
65325,65363,1,12,216.00
54592,54606,1,12,216.00
69735,69756,1,12,216.00
32821,32860,1,12,216.00
14945,14961,1,12,216.00
35175,35235,1,12,216.00
68044,68059,1,12,216.00
35203,35242,1,12,216.00
7803,7815,1,12,216.00
20753,20798,1,12,216.00
21625,21661,1,12,216.00
21410,21444,1,12,216.00
48474,48531,1,12,216.00
50348,50414,1,12,216.00
44596,44600,1,12,216.00
56854,56875,1,12,216.00
49010,49064,1,12,216.00
42444,42470,1,12,216.00
63302,63373,1,12,216.00
182,224,1,60,210.00
177,222,1,200,190.00
162,214,1,200,190.00
16,57,1,6,180.00
6511,6526,1,48,177.60
69151,69166,1,48,177.60
66301,66344,1,48,177.60
38461,38505,1,48,177.60
72076,72126,1,48,177.60
22087,22098,1,48,177.60
35791,35831,1,48,177.60
49653,49660,1,48,177.60
29179,29246,1,48,177.60
60922,60961,1,48,177.60
22194,22217,1,48,177.60
28911,28938,1,48,177.60
67753,67822,1,48,177.60
8623,8660,1,48,177.60
70472,70550,1,48,177.60
50444,50510,1,48,177.60
27693,27765,1,48,177.60
10485,10499,1,48,177.60
31061,31124,1,48,177.60
70176,70206,1,48,177.60
66122,66189,1,48,177.60
87,133,1,48,177.60
53272,53322,1,48,177.60
67357,67603,1,48,177.60
31774,31842,1,48,177.60
66751,66823,1,48,177.60
42686,42707,1,48,177.60
5906,5935,1,48,177.60
46929,46960,1,48,177.60
27661,27687,1,48,177.60
15222,15272,1,48,177.60
60944,60966,1,48,177.60
23677,23699,1,48,177.60
42053,42092,1,48,177.60
68269,68281,1,48,177.60
68314,68338,1,48,177.60
66524,66604,1,48,177.60
62512,62580,1,48,177.60
9656,9664,1,48,177.60
35893,35905,1,48,177.60
71729,71786,1,48,177.60
40938,40973,1,48,177.60
57009,57040,1,48,177.60
66280,66287,1,48,177.60
33915,33927,1,48,177.60
50371,50416,1,48,177.60
50054,50097,1,48,177.60
73122,73169,1,48,177.60
22471,22546,1,48,177.60
66534,66605,1,48,177.60
47942,47998,1,48,177.60
68270,68282,1,48,177.60
62597,62671,1,48,177.60
69720,69754,1,48,177.60
42010,42089,1,48,177.60
52618,52650,1,48,177.60
23601,23619,1,48,177.60
7427,7448,1,48,177.60
42427,42467,1,48,177.60
23679,23700,1,48,177.60
60439,60461,1,48,177.60
15938,15992,1,48,177.60
50160,50247,1,48,177.60
13879,13904,1,48,177.60
48085,48100,1,48,177.60
49709,49736,1,48,177.60
65385,65449,1,48,177.60
34411,34455,1,50,175.00
60326,60368,1,50,175.00
54620,54653,1,50,175.00
41760,41833,1,50,175.00
37508,37551,1,50,175.00
65582,65666,1,50,175.00
44523,44558,1,50,175.00
51642,51668,1,50,175.00
30284,30334,1,50,175.00
39754,39825,1,50,175.00
73357,73390,1,50,175.00
64244,64260,1,50,175.00
51299,51363,1,50,175.00
40452,40468,1,50,175.00
40611,40641,1,50,175.00
61280,61299,1,50,175.00
30940,30983,1,50,175.00
68504,68543,1,50,175.00
38316,38360,1,50,175.00
56526,56622,1,50,175.00
64399,64499,1,50,175.00
53770,53815,1,50,175.00
64927,64934,1,50,175.00
40768,40787,1,50,175.00
53927,54033,1,50,175.00
63733,63806,1,50,175.00
63777,63812,1,50,175.00
63530,63583,1,50,175.00
40020,40045,1,50,175.00
38788,38862,1,50,175.00
56839,56872,1,50,175.00
68671,68680,1,50,175.00
50109,50151,1,50,175.00
123,150,1,40,164.00
190,228,1,150,142.50
112,145,1,10,130.00
617,668,1,10,130.00
176,221,1,24,120.00
120,149,1,175,115.50
316,327,1,8,104.00
67304,67352,1,24,88.80
59772,59850,1,24,88.80
35794,35833,1,24,88.80
37192,37231,1,24,88.80
67764,67824,1,24,88.80
7063,7085,1,24,88.80
71811,71894,1,24,88.80
18765,18834,1,24,88.80
16950,16973,1,24,88.80
69787,69813,1,24,88.80
30168,30210,1,24,88.80
6069,6107,1,24,88.80
16968,16975,1,24,88.80
5954,6008,1,24,88.80
21029,21077,1,24,88.80
53385,53425,1,24,88.80
33480,33508,1,24,88.80
64028,64062,1,24,88.80
40376,40383,1,24,88.80
45215,45235,1,24,88.80
70911,70949,1,24,88.80
18504,18549,1,24,88.80
31920,31954,1,24,88.80
10141,10148,1,24,88.80
50410,50421,1,24,88.80
58677,58698,1,24,88.80
52106,52142,1,24,88.80
50122,50152,1,24,88.80
52976,53018,1,24,88.80
31078,31125,1,24,88.80
20750,20797,1,24,88.80
69795,69815,1,24,88.80
61996,62012,1,24,88.80
19794,19832,1,24,88.80
64858,64878,1,24,88.80
11179,11193,1,24,88.80
24709,24733,1,24,88.80
57613,57663,1,24,88.80
22259,22300,1,24,88.80
67804,67830,1,24,88.80
27811,27879,1,24,88.80
27545,27551,1,24,88.80
52455,52527,1,24,88.80
44623,44657,1,24,88.80
61412,61491,1,25,87.50
47768,47797,1,25,87.50
53646,53690,1,25,87.50
44834,44873,1,25,87.50
34412,34456,1,25,87.50
32697,32754,1,25,87.50
66440,66496,1,25,87.50
35326,35336,1,25,87.50
52176,52212,1,25,87.50
33108,33126,1,25,87.50
47862,47918,1,25,87.50
72188,72267,1,25,87.50
70590,70605,1,25,87.50
69915,69943,1,25,87.50
64293,64378,1,25,87.50
71712,71783,1,25,87.50
56210,56284,1,25,87.50
52354,52388,1,25,87.50
44849,44876,1,25,87.50
65120,65162,1,25,87.50
47136,47174,1,25,87.50
28998,29027,1,25,87.50
36308,36352,1,25,87.50
45352,45377,1,25,87.50
31236,31256,1,25,87.50
45287,45367,1,25,87.50
53607,53687,1,25,87.50
56252,56292,1,25,87.50
12,54,1,75,85.50
8,50,1,45,85.05
160,213,1,75,78.75
317,328,1,6,78.00
22,61,1,2,64.00
199,230,1,2,64.00
